from_id,knowledgeunit,rel,knowledgepoint,to_id
176,并行计算概述,contain,并行计算概念,752
176,并行计算概述,contain,并行计算应用领域,753
176,并行计算概述,contain,域分解,754
176,并行计算概述,contain,任务解,755
177,并行计算的性能评测,contain,并行计算的性能,756
177,并行计算的性能评测,contain,内存系统对性能的影响,757
177,并行计算的性能评测,contain,加速比定律,758
178,并行计算硬件环境,contain,多核处理器,759
178,并行计算硬件环境,contain,内存访问模式,760
178,并行计算硬件环境,contain,并行计算系统的分类,761
179,多线程并行程序设计,contain,多线程基本概念,762
179,多线程并行程序设计,contain,多线程计算实例分析,763
179,多线程并行程序设计,contain,PThread多线程,764
179,多线程并行程序设计,contain,Java多线程,765
180,OpenMP,contain,OpenMP的编程模型,766
180,OpenMP,contain,编译制导语句,767
181,GPU编程,contain,GPU体系结构,768
181,GPU编程,contain,CUDA程序设计方法,769
182,MPI分布式编程,contain,MPI概述,770
182,MPI分布式编程,contain,点到点通信,771
182,MPI分布式编程,contain,组通信,772
182,MPI分布式编程,contain,MPI数据类型,773
183,MPI多级混合编程,contain,MPI+OpenMP混合编程,774
183,MPI多级混合编程,contain,MPI+CUDA混合编程,775
184,MapReduce编程,contain,MapReduce背景介绍,776
184,MapReduce编程,contain,MapReduce编程模型,777
184,MapReduce编程,contain,Hadoop/YARN,778
185,并行程序设计方法学,contain,PCAM方法学,779
185,并行程序设计方法学,contain,并行编程模型,780
186,Spark编程,contain,Spark概述,781
186,Spark编程,contain,Spark框架介绍,782
186,Spark编程,contain,Spark编程模型,783
187,PCAM方法学,contain,划分(Partitioning),784
187,PCAM方法学,contain,通讯(Communication),785
187,PCAM方法学,contain,组合(Agglomeration),786
187,PCAM方法学,contain,映射(Mapping),787
188,构造性逻辑,contain,证明构造性的定义,788
188,构造性逻辑,contain,构造性赋值与蕴含,789
188,构造性逻辑,contain,构造性逻辑的语法与形式推演,790
188,构造性逻辑,contain,构造性逻辑与经典逻辑的区别,791
189,布尔代数,contain,多运算代数系统定义和性质,792
189,布尔代数,contain,格与子格的定义和性质,793
189,布尔代数,contain,分配格与有补格的定义和性质,794
189,布尔代数,contain,布尔代数的定义和性质,795
189,布尔代数,contain,布尔表达式的定义和性质,796
190,图与网络流,contain,网络流及最大流的定义,797
190,图与网络流,contain,最小割的求解,798
190,图与网络流,contain,有界网络流,799
190,图与网络流,contain,最小费用最大流,800
191,图的连通性,contain,无向图的连通性的特殊性质,801
191,图的连通性,contain,有向图的连通性的特殊性质,802
192,图的支配、覆盖、独立与匹配,contain,支配和覆盖的定义,803
192,图的支配、覆盖、独立与匹配,contain,鸽巢原理与拉姆齐数,804
192,图的支配、覆盖、独立与匹配,contain,点的支配、覆盖和独立,805
192,图的支配、覆盖、独立与匹配,contain,边的覆盖和独立,806
192,图的支配、覆盖、独立与匹配,contain,匹配与因子分解,807
193,图谱与复杂网络,contain,图的特征值与拉普拉斯型,808
193,图谱与复杂网络,contain,邻接矩阵与关联矩阵相关算法,809
193,图谱与复杂网络,contain,复杂网络的基本特征,810
194,云计算概念,contain,计算系统的历史，网格和云,811
194,云计算概念,contain,云计算的服务模型和部署模型,812
195,云计算基础,contain,通信,813
195,云计算基础,contain,时间,814
195,云计算基础,contain,一致性,815
196,虚拟化技术,contain,IaaS及虚拟化,816
196,虚拟化技术,contain,抽象,817
196,虚拟化技术,contain,虚拟化分类,818
196,虚拟化技术,contain,服务器虚拟化,819
197,云计算应用开发,contain,Hadoop系统,820
197,云计算应用开发,contain,YARN,821
197,云计算应用开发,contain,资源调度,822
198,正则语言,contain,有限自动机,823
198,正则语言,contain,非确定性,824
198,正则语言,contain,正则表达式,825
198,正则语言,contain,非正则语言,826
199,上下文无关语言,contain,上下文无关文法,827
199,上下文无关语言,contain,下推自动机,828
199,上下文无关语言,contain,非上下文无关语言,829
200,邱奇图灵论题,contain,图灵机,830
200,邱奇图灵论题,contain,图灵机的变体,831
200,邱奇图灵论题,contain,算法的定义,832
201,问题求解,contain,GPS,833
201,问题求解,contain,现代范型,834
201,问题求解,contain,经典搜索方法,835
201,问题求解,contain,启发式搜索,836
201,问题求解,contain,问题归约,837
201,问题求解,contain,博弈,838
201,问题求解,contain,遗传算法,839
201,问题求解,contain,模拟退火,840
201,问题求解,contain,约束满足,841
202,逻辑与推理,contain,人工智能逻辑,842
202,逻辑与推理,contain,经典逻辑,843
202,逻辑与推理,contain,非经典逻辑,844
202,逻辑与推理,contain,人工智能推理,845
202,逻辑与推理,contain,精确推理,846
202,逻辑与推理,contain,非精确推理,847
202,逻辑与推理,contain,归结原理,848
202,逻辑与推理,contain,行为推理,849
202,逻辑与推理,contain,时空推理,850
202,逻辑与推理,contain,概率推理,851
381,知识表示,contain,非结构表示,852
381,知识表示,contain,产生式系统,853
381,知识表示,contain,结构表示,854
204,智能主体,contain,Agent模型,855
204,智能主体,contain,Agent组织,856
205,机器学习,contain,学科概述,857
205,机器学习,contain,决策树,858
205,机器学习,contain,贝叶斯学习,859
206,网络安全概念,contain,安全攻击,860
206,网络安全概念,contain,安全模式,861
206,网络安全概念,contain,安全机制,862
207,密码学,contain,对称加密和消息机密,863
207,密码学,contain,分组密码,864
207,密码学,contain,流密码和RC4,865
208,网络安全应用,contain,密钥分配和用户认证,866
208,网络安全应用,contain,网络访问控制和云安全,867
208,网络安全应用,contain,传输层安全,868
208,网络安全应用,contain,无线网络安全,869
208,网络安全应用,contain,IP安全,870
209,网络攻防技术,contain,入侵者,871
209,网络攻防技术,contain,防火墙,872
210,软件与软件工程,contain,软件过程模型,873
210,软件与软件工程,contain,软件开发方法,874
211,需求分析基础,contain,软件需求的基本概念,875
211,需求分析基础,contain,需求工程过程,876
211,需求分析基础,contain,软件需求获取技术,877
211,需求分析基础,contain,需求分析与建模,878
212,软件设计基础,contain,软件设计概述,879
212,软件设计基础,contain,软件体系结构设计,880
212,软件设计基础,contain,模块分解,881
213,程序设计语言和编码,contain,程序设计语言的选择,882
213,程序设计语言和编码,contain,结构化程序设计,883
213,程序设计语言和编码,contain,程序设计风格,884
213,程序设计语言和编码,contain,算法与程序效率,885
214,软件测试,contain,软件测试概述,886
214,软件测试,contain,白盒法测试,887
214,软件测试,contain,盒法测试,888
214,软件测试,contain,软件测试的策略,889
215,软件维护,contain,软件维护的基本概念,890
215,软件维护,contain,软件维护的过程,891
215,软件维护,contain,软件维护技术,892
215,软件维护,contain,软件可维护性,893
216,面向对象的需求分析,contain,面向对象的概念,894
216,面向对象的需求分析,contain,统一建模语言UML及十种视图,895
216,面向对象的需求分析,contain,基于UML的软件开发过程,896
216,面向对象的需求分析,contain,基于UML的需求分析,897
216,面向对象的需求分析,contain,基于UML的需求建模,898
216,面向对象的需求分析,contain,UML用例图的构建,899
216,面向对象的需求分析,contain,UML类图构建，类之间的关系描述,900
216,面向对象的需求分析,contain,使用IBM Rational Rose 进行需求建模,901
217,面向对象的设计方法,contain,面向对象的软件设计过程,902
217,面向对象的设计方法,contain,基于UML的设计,903
217,面向对象的设计方法,contain,UML顺序图的构建,904
217,面向对象的设计方法,contain,UML协作图的构建,905
217,面向对象的设计方法,contain,UML状态图的构建,906
217,面向对象的设计方法,contain,UML活动图的构建,907
217,面向对象的设计方法,contain,使用IBM Rational Rose 进行设计实现建模,908
218,数据挖掘概述,contain,数据挖掘简介,909
218,数据挖掘概述,contain,数据挖掘的功能,910
218,数据挖掘概述,contain,数据挖掘的发展前沿,911
592,认识数据,contain,数据对象与属性类型,912
592,认识数据,contain,数据的基本统计描述,913
592,认识数据,contain,数据可视化,914
592,认识数据,contain,度量数据的相似性和相异性,915
593,数据预处理,contain,数据预处理: 概述,916
593,数据预处理,contain,数据抽取,917
593,数据预处理,contain,数据清洗,918
593,数据预处理,contain,数据集成,919
593,数据预处理,contain,数据归约,920
593,数据预处理,contain,数据变换与数据离散化,921
221,数据仓库与联机分析处理,contain,数据仓库,922
221,数据仓库与联机分析处理,contain,联机分析处理,923
221,数据仓库与联机分析处理,contain,数据仓库的体系结构,924
222,关联规则,contain,基本概念,925
222,关联规则,contain,经典算法,926
222,关联规则,contain,评估,927
595,分类,contain,分类、回归与聚类,928
595,分类,contain,分类的应用案例,929
595,分类,contain,分类概念,930
595,分类,contain,分类过程,931
595,分类,contain,常用的分类方法,932
596,聚类,contain,聚类概述,933
596,聚类,contain,典型应用,934
596,聚类,contain,划分方法,935
596,聚类,contain,层次方法,936
596,聚类,contain,密度方法,937
225,回归分析,contain,回归概述,938
225,回归分析,contain,线性回归方法,939
225,回归分析,contain,多项式回归,940
225,回归分析,contain,非线性回归,941
225,回归分析,contain,Logistic回归,942
226,图像的基本概念,contain,了解图像、数字图像像素的概念,943
226,图像的基本概念,contain,了解图像处理的起源应用和系统,944
226,图像的基本概念,contain,掌握图像表示的基础知识,945
227,彩色图像处理,contain,了解彩色视觉和颜色模型,946
227,彩色图像处理,contain,掌握彩色变换,947
227,彩色图像处理,contain,掌握彩色图像的增强平滑和锐化,948
228,图像采集技术——摄影,contain,了解摄影的历史,949
228,图像采集技术——摄影,contain,掌握相机的成像原理,950
228,图像采集技术——摄影,contain,了解相机的结构,951
228,图像采集技术——摄影,contain,掌握相机的可控对象及摄像学属性,952
229,图像的几何变换与点变换,contain,掌握图像的几何变换,953
229,图像的几何变换与点变换,contain,掌握图像的点变换,954
230,图像的频域变换,contain,掌握二维离散傅立叶变换及其应用,955
230,图像的频域变换,contain,掌握离散余弦变换,956
230,图像的频域变换,contain,掌握小波变换,957
231,基于图像的建模技术,contain,掌握双目立体技术,958
231,基于图像的建模技术,contain,了解主动式立体方法,959
231,基于图像的建模技术,contain,掌握多视角立体方法,960
232,3DTV中的场景表示技术,contain,掌握几何表示方法,961
233,4DTV中的场景表示技术,contain,掌握纹理表示方法,962
234,5DTV中的场景表示技术,contain,了解场景表示方法的标准,963
235,图像的增强,contain,图像插值,964
235,图像的增强,contain,图像增强,965
235,图像的增强,contain,图像的去噪,966
235,图像的增强,contain,图像的去模糊,967
236,图像内容分析及压缩,contain,边缘检测,968
236,图像内容分析及压缩,contain,线条、圆形、目标检测,969
236,图像内容分析及压缩,contain,图像分割方法,970
236,图像内容分析及压缩,contain,图像压缩,971
237,生物信息学概述,contain,生物信息学的基本概念,972
237,生物信息学概述,contain,生物学的研究对象、发展历史及研究意义,973
237,生物信息学概述,contain,基本的生物知识介绍,974
238,生物数据管理技术,contain,基因数据库,975
238,生物数据管理技术,contain,蛋白数据库,976
239,DNA及蛋白序列分析,contain,序列分析的数学问题,977
239,DNA及蛋白序列分析,contain,序列数据搜索,978
239,DNA及蛋白序列分析,contain,序列对比对,979
239,DNA及蛋白序列分析,contain,多序列比对,980
240,蛋白质二级结构预测,contain,结构预测的数学问题,981
240,蛋白质二级结构预测,contain,二级结构预测预测方法,982
240,蛋白质二级结构预测,contain,二级结构预测评价方法,983
241,生物网络建模与网络结构分析,contain,关联网络构建,984
241,生物网络建模与网络结构分析,contain,时序网络构建,985
241,生物网络建模与网络结构分析,contain,网络结构分析与评价,986
241,生物网络建模与网络结构分析,contain,子网挖掘,987
242,计算机系统概要,contain,计算机组成与体系结构,988
242,计算机系统概要,contain,计算机体系结构中的伟大思想,989
242,计算机系统概要,contain,性能评估,990
242,计算机系统概要,contain,功耗墙,991
242,计算机系统概要,contain,标准测试程序,992
243,指令：计算机的语言,contain,计算机硬件的操作,993
243,指令：计算机的语言,contain,计算机硬件的操作数,994
243,指令：计算机的语言,contain,计算机中指令的表示,995
243,指令：计算机的语言,contain,逻辑操作和决策指令,996
243,指令：计算机的语言,contain,计算机硬件对过程的支持,997
243,指令：计算机的语言,contain,寻址方式,998
243,指令：计算机的语言,contain,数组与指针,999
243,指令：计算机的语言,contain,其它实例：ARMv7和x86,1000
244,处理器,contain,处理器设计的方法和实现机制,1001
244,处理器,contain,流水线概述,1002
244,处理器,contain,流水线数据通路及其控制,1003
244,处理器,contain,数据冒险,1004
244,处理器,contain,控制冒险,1005
244,处理器,contain,异常处理,1006
245,大容量和高速度：开发存储器层次,contain,计算机多层存储体系,1007
245,大容量和高速度：开发存储器层次,contain,Cache的基本原理,1008
245,大容量和高速度：开发存储器层次,contain,Cache性能的评估和改进,1009
245,大容量和高速度：开发存储器层次,contain,虚拟存储器,1010
245,大容量和高速度：开发存储器层次,contain,独立磁盘冗余阵列,1011
245,大容量和高速度：开发存储器层次,contain,实例：ARMCortexA8和IntelCorei7存储器层次结构,1012
246,指令级并行,contain,指令级并行的基本概念,1013
246,指令级并行,contain,静态多发射处理器,1014
246,指令级并行,contain,动态多发射处理器,1015
246,指令级并行,contain,分支预测技术,1016
246,指令级并行,contain,实例：实例：ARM Cortex-A8和Intel Core i7流水线,1017
247,从客户端到云的并行处理器,contain,多处理器组织,1018
247,从客户端到云的并行处理器,contain,SISD、MIMD、SIMD、SPMD和向量机,1019
247,从客户端到云的并行处理器,contain,多核和其它共享内存多处理器,1020
247,从客户端到云的并行处理器,contain,集群、仓储级计算机和其他消息传递多处理器,1021
247,从客户端到云的并行处理器,contain,图形处理单元（自学）,1022
247,从客户端到云的并行处理器,contain,高速缓存一致性和MESI协议,1023
247,从客户端到云的并行处理器,contain,多处理器网络拓扑简介（自学）,1024
247,从客户端到云的并行处理器,contain,多处理器性能评测模型,1025
248,线性代数,contain,泡利矩阵,1026
248,线性代数,contain,Hermitian算子,1027
248,线性代数,contain,张量积,1028
248,线性代数,contain,算子函数,1029
248,线性代数,contain,奇异值分解,1030
249,量子状态向量形式化,contain,量子状态向量,1031
249,量子状态向量形式化,contain,量子演化,1032
249,量子状态向量形式化,contain,量子测量,1033
249,量子状态向量形式化,contain,复合量子系统,1034
250,密度算子形式化,contain,量子系综,1035
250,密度算子形式化,contain,密度算子的形式属性,1036
250,密度算子形式化,contain,约简密度算子,1037
250,密度算子形式化,contain,Schmidt分解和纯化,1038
251,量子信息,contain,EPR佯谬,1039
251,量子信息,contain,非局域性和上下文性,1040
251,量子信息,contain,Bell不等式和上下文不等式,1041
251,量子信息,contain,量子傅里叶变换及其应用,1042
251,量子信息,contain,量子搜索算法,1043
251,量子信息,contain,量子秘钥发布,1044
251,量子信息,contain,量子超密编码,1045
251,量子信息,contain,量子态远程传输,1046
251,量子信息,contain,量子信息论和量子纠错编码,1047
252,量子智能,contain,量子人工智能及量子认知基础,1048
252,量子智能,contain,量子力学的信息解释及基于信息解释的重构,1049
252,量子智能,contain,量子人工智能及量子认知算法,1050
331,自然语言处理的基础知识,contain,统计学的基础,1051
331,自然语言处理的基础知识,contain,信息论的基础,1052
254,HMM（隐马尔科夫）模型及其在NLP中的应用,contain,HMM模型,1053
254,HMM（隐马尔科夫）模型及其在NLP中的应用,contain,HMM模型所涉及的三类问题及其解决算法,1054
254,HMM（隐马尔科夫）模型及其在NLP中的应用,contain,HMM模型在词性标记问题中的应用,1055
255,词语搭配,contain,词语搭配概念,1056
255,词语搭配,contain,搭配识别方案,1057
255,词语搭配,contain,搭配的应用,1058
256,语义消歧,contain,语义消歧概念,1059
256,语义消歧,contain,预备知识,1060
256,语义消歧,contain,有监督消歧,1061
256,语义消歧,contain,基于词典的消歧,1062
256,语义消歧,contain,无监督消歧,1063
257,词汇获取,contain,概念、评价方法,1064
257,词汇获取,contain,动词子范畴,1065
257,词汇获取,contain,附着歧义,1066
257,词汇获取,contain,选择倾向,1067
257,词汇获取,contain,语义相似性,1068
258,概率上下文无关文法（PCFG）,contain,概率上下文无关文法的概念,1069
258,概率上下文无关文法（PCFG）,contain,PCFG基本问题和其算法,1070
258,概率上下文无关文法（PCFG）,contain,PCFG的改进方案,1071
259,文本分类和聚类,contain,文本分类概念及过程,1072
259,文本分类和聚类,contain,贝叶斯分类、K近邻分类、最大熵分类、支持向量机分类,1073
259,文本分类和聚类,contain,文本聚类概念,1074
259,文本分类和聚类,contain,层次聚类和非层次聚类（K-Means聚类算法）,1075
336,机器翻译,contain,机器翻译概述,1076
336,机器翻译,contain,基于规则、实例和统计的机器翻译方案,1077
336,机器翻译,contain,机器翻译评价,1078
336,机器翻译,contain,利用互联网获取双语语料,1079
336,机器翻译,contain,机器翻译的最新研究进展,1080
261,在线社会媒体与社会计算,contain,在线社会媒体与社会计算研究背景,1081
261,在线社会媒体与社会计算,contain,社会媒体与社会计算概念、主要研究内容,1082
261,在线社会媒体与社会计算,contain,社会媒体与社会计算主要研究内容,1083
337,信息检索,contain,信息检索概念,1084
337,信息检索,contain,信息检索的评价方法,1085
337,信息检索,contain,信息检索模型,1086
337,信息检索,contain,网络蜘蛛,1087
337,信息检索,contain,查询扩展,1088
337,信息检索,contain,Web页面评价机制,1089
337,信息检索,contain,文本处理,1090
337,信息检索,contain,多媒体检索,1091
263,深度学习与自然语言处理,contain,深度学习的概述,1092
263,深度学习与自然语言处理,contain,基于深度学习的自然语言处理简介,1093
265,异构计算概述,contain,异构计算的基本概念,1095
265,异构计算概述,contain,异构并行计算平台,1096
265,异构计算概述,contain,异构编程环境与编程模型,1097
266,异构计算硬件环境,contain,处理器,1098
266,异构计算硬件环境,contain,异构存储,1099
266,异构计算硬件环境,contain,异构网络,1100
266,异构计算硬件环境,contain,异构计算系统体系结构分类,1101
267,CUDA编程,contain,NVIDIA GPU逻辑架构,1102
267,CUDA编程,contain,CUDA程序设计,1103
267,CUDA编程,contain,CUDA内存管理,1104
268,CUDA应用案例,contain,CUDA计算矩阵乘法,1105
268,CUDA应用案例,contain,CUDA动态规划算法,1106
268,CUDA应用案例,contain,CUDA排序,1107
269,OpenCL编程,contain,OpenCL基本介绍,1108
269,OpenCL编程,contain,OpenCL设备架构,1109
270,OpenCL应用案例与分析,contain,OpenCL计算二维卷积,1110
270,OpenCL应用案例与分析,contain,OpenCL计算矩阵乘法,1111
270,OpenCL应用案例与分析,contain,OpenCL混合粒子模拟,1112
271,OpenACC编程,contain,OpenACC简介,1113
271,OpenACC编程,contain,OpenCL计算构件,1114
271,OpenACC编程,contain,数据管理,1115
271,OpenACC编程,contain,高级特性,1116
272,OpenACC案例分析,contain,SW26010处理器介绍,1117
272,OpenACC案例分析,contain,存储模型,1118
272,OpenACC案例分析,contain,执行模型,1119
273,计算机图形学基础,contain,计算机图形学和图形系统：,1120
273,计算机图形学基础,contain,图形系统的硬件和软件,1121
273,计算机图形学基础,contain,图形标准接口,1122
273,计算机图形学基础,contain,颜色、色调映射基础,1123
274,图形变换,contain,几何、坐标系、投影变换,1124
274,图形变换,contain,图形绘制流水线的基本框架和流程,1125
275,三维物体的几何表示,contain,三维物体的定义及性质,1126
275,三维物体的几何表示,contain,三维物体表示的特征参数、边界表示、实体构造、八叉树方法,1127
275,三维物体的几何表示,contain,Bezier曲线曲面、NURBUS曲线曲面,1128
276,基本图形算法,contain,直线、圆光栅化绘制算法,1129
276,基本图形算法,contain,点、线、多边形的裁剪,1130
276,基本图形算法,contain,区域、多边形填充算法,1131
276,基本图形算法,contain,消隐算法,1132
277,基本光照模型和着色绘制,contain,环境光照模型,1133
277,基本光照模型和着色绘制,contain,漫反射光照模型,1134
277,基本光照模型和着色绘制,contain,镜面反射光照模型,1135
277,基本光照模型和着色绘制,contain,着色绘制法,1136
276,基于光线跟踪的光照模型,contain,简单光投射模型光照模型,1137
276,基于光线跟踪的光照模型,contain,光线跟踪绘制技术,1138
278,OpenGL,contain,OpenGL基础 初步熟悉OpenGL图形系统,1139
278,OpenGL,contain,OpenGL变换 熟练OpenGL变换,1140
278,OpenGL,contain,OpenGL 光照 掌握OpenGL进行光照编程,1141
278,OpenGL,contain,OpenGL画线、画圆算法,1142
279,编译原理概论,contain,编译过程概述,1143
279,编译原理概论,contain,编译程序的结构,1144
279,编译原理概论,contain,编译程序的生成,1145
279,编译原理概论,contain,编译技术和软件工具,1146
280,高级语言和文法,contain,程序语言的定义,1147
280,高级语言和文法,contain,高级语言的一般特征,1148
280,高级语言和文法,contain,程序语言的文法,1149
281,词法分析,contain,词法分析器的作用,1150
281,词法分析,contain,词法分析器的设计,1151
281,词法分析,contain,词法分析器的自动生成,1152
281,词法分析,contain,正规表达式与有限自动机,1153
281,词法分析,contain,设计词法分析器的生成器,1154
282,自顶向下语法分析方法,contain,语法分析器的功能,1155
282,自顶向下语法分析方法,contain,文法的编写,1156
282,自顶向下语法分析方法,contain,递归下降语法分析器,1157
282,自顶向下语法分析方法,contain,预测语法分析器,1158
283,自底向上语法分析法,contain,自底向上分析的基本问题,1159
283,自底向上语法分析法,contain,算符优先分析法,1160
283,自底向上语法分析法,contain,LR语法分析器,1161
284,中间代码生成,contain,中间语言,1162
284,中间代码生成,contain,声明语句,1163
284,中间代码生成,contain,赋值语句,1164
284,中间代码生成,contain,控制语句的翻译,1165
284,中间代码生成,contain,过程调用,1166
285,符号表,contain,符号表的组织和作用,1167
285,符号表,contain,符号表的整理与查找,1168
285,符号表,contain,名字的作用范围,1169
285,符号表,contain,符号表的内容,1170
286,运行时环境,contain,源语言问题,1171
286,运行时环境,contain,存储组织,1172
286,运行时环境,contain,存储分配策略,1173
286,运行时环境,contain,非局部名字的访问,1174
287,软件体系结构概论,contain,软件危机,1175
287,软件体系结构概论,contain,构件与软件重用,1176
287,软件体系结构概论,contain,软件体系结构的兴起和发展,1177
288,软件体系结构建模,contain,软件体系结构建模,1178
288,软件体系结构建模,contain,“4+1”视图模型,1179
288,软件体系结构建模,contain,软件体系结构的核心模型,1180
288,软件体系结构建模,contain,软件体系结构的生命周期,1181
288,软件体系结构建模,contain,软件体系结构抽象模型,1182
289,软件体系结构风格,contain,软件体系结构风格,1183
289,软件体系结构风格,contain,客户/服务器风格,1184
289,软件体系结构风格,contain,三层C/S结构风格,1185
289,软件体系结构风格,contain,浏览器/服务器风格,1186
289,软件体系结构风格,contain,公共对象请求代理体系结构正交软件体系结构,1187
289,软件体系结构风格,contain,基于层次消息总线的体系结构风格,1188
289,软件体系结构风格,contain,异构结构风格,1189
289,软件体系结构风格,contain,互连系统构成的系统及其体系结构,1190
289,软件体系结构风格,contain,特定领域软件体系结构,1191
290,软件体系结构描述,contain,软件体系结构描述方法,1192
290,软件体系结构描述,contain,软件体系结构描述框架,1193
290,软件体系结构描述,contain,体系结构描述语言,1194
290,软件体系结构描述,contain,典型的软件体系结构描述,1195
290,软件体系结构描述,contain,UML语言,1196
291,动态软件体系结构,contain,软件体系结构动态模型,1197
291,动态软件体系结构,contain,动态体系结构的描述,1198
291,动态软件体系结构,contain,动态体系结构特征,1199
292,Web服务体系结构,contain,Web服务体系结构模型,1200
292,Web服务体系结构,contain,Web服务的核心技术,1201
292,Web服务体系结构,contain,面向服务的软件体系结构,1202
292,Web服务体系结构,contain,Web服务的应用实例,1203
293,基于软件体系结构的软件开发,contain,设计模式,1204
293,基于软件体系结构的软件开发,contain,基于体系结构的设计方法,1205
293,基于软件体系结构的软件开发,contain,体系结构的设计与演化,1206
293,基于软件体系结构的软件开发,contain,于体系结构的软件开发模型,1207
294,软件体系结构的分析与测试,contain,体系结构的可靠性建模,1208
294,软件体系结构的分析与测试,contain, 软件体系结构的可靠性风险分析,1209
294,软件体系结构的分析与测试,contain,基于体系结构描述的软件测试方法,1210
295,软件体系结构评估,contain,软件体系结构评估的主要方式,1211
295,软件体系结构评估,contain,ATAM评估方法,1212
295,软件体系结构评估,contain,SAAM评估方法,1213
296,软件产品线体系结构,contain,软件产品线的出现和发展,1214
296,软件产品线体系结构,contain,框架和应用框架技术,1215
296,软件产品线体系结构,contain,软件产品线基本活动,1216
296,软件产品线体系结构,contain,软件产品线体系结构的设计,1217
296,软件产品线体系结构,contain,软件产品线体系结构的演化,1218
297,大数据概念与应用,contain,大数据的概念与意义,1219
297,大数据概念与应用,contain,大数据来源,1220
297,大数据概念与应用,contain,大数据应用场景,1221
297,大数据概念与应用,contain,大数据处理方法,1222
298,数据采集与预处理,contain,大数据采集架构,1223
298,数据采集与预处理,contain,数据处理原理,1224
298,数据采集与预处理,contain,数据仓库与ETL工具,1225
299,数据挖掘算法,contain,数据挖掘概述,1226
299,数据挖掘算法,contain,数据挖掘分类,1227
299,数据挖掘算法,contain,数据挖掘聚类,1228
299,数据挖掘算法,contain,数据挖掘关联规则,1229
299,数据挖掘算法,contain,数据挖掘预测规模,1230
299,数据挖掘算法,contain,数据挖掘算法综合应用,1231
300,大数据挖掘工具,contain,Mahout,1232
300,大数据挖掘工具,contain,Spark MLlib,1233
300,大数据挖掘工具,contain,其他数据挖掘工具,1234
301,R语言,contain,R语言简介,1235
301,R语言,contain,R与数据挖掘,1236
301,R语言,contain,SparkR,1237
354,深度学习,contain,深度学习概述,1238
354,深度学习,contain,人脑神经系统与深度学习,1239
354,深度学习,contain,深度神经网络,1240
354,深度学习,contain,软硬件实现,1241
354,深度学习,contain,手写数字识别项目实例,1242
354,深度学习,contain,深度学习应用,1243
303,大数据可视化概念与应用,contain,数据可视化的基础,1244
303,大数据可视化概念与应用,contain,大数据可视化方法,1245
303,大数据可视化概念与应用,contain,大数据可视化软件与工具,1246
304,互联网大数据处理,contain,互联网信息抓取,1247
304,互联网大数据处理,contain,文本分词,1248
304,互联网大数据处理,contain,倒排索引,1249
304,互联网大数据处理,contain,网页排序算法,1250
304,互联网大数据处理,contain,历史信息检索,1251
305,大数据商业应用,contain,用户画像和精准营销,1252
305,大数据商业应用,contain,广告推荐,1253
305,大数据商业应用,contain,互联网金融,1254
305,大数据商业应用,contain,个人贷款风险评估,1255
306,行业大数据,contain,地震大数据,1256
306,行业大数据,contain,交通大数据,1257
306,行业大数据,contain,环境大数据,1258
306,行业大数据,contain,警务大数据,1259
307,处理器设计,contain,处理器设计,1260
307,处理器设计,contain,微处理器的发展史,1261
307,处理器设计,contain,指令集处理器设计,1262
307,处理器设计,contain,处理器性能法则,1263
307,处理器设计,contain,指令级并行处理,1264
308,超标量结构,contain,标量流水线的局限性,1265
308,超标量结构,contain,从标量流水线到超标量流水线,1266
308,超标量结构,contain,超标量流水线综述,1267
309,超标量技术,contain,指令流技术,1268
309,超标量技术,contain,寄存器数据流技术,1269
309,超标量技术,contain,存储器数据流技术,1270
310,PowerPC 620,contain,PowerPC 620取指,1271
311,PowerPC 621,contain,PowerPC 620指令分派,1272
312,PowerPC 622,contain,PowerPC 620指令执行,1273
313,PowerPC 623,contain,PowerPC 620指令完成,1274
314,模式识别的基本概念,contain,模式与模式识别,1275
314,模式识别的基本概念,contain,模式识别中的监督与无监督方法,1276
314,模式识别的基本概念,contain,模式识别系统的典型案例,1277
315,线性回归模型,contain,了解回归问题的定义,1278
315,线性回归模型,contain,线性基函数模型,1279
315,线性回归模型,contain,贝叶斯线性回归,1280
596,聚类,contain,了解聚类的定义,1281
596,聚类,contain,k-means聚类算法以及变种,1282
596,聚类,contain,混合高斯模型GMM,1283
596,聚类,contain,EM算法,1284
317,降维,contain,了解降维的定义,1285
317,降维,contain,最大方差和最小误差形式,1286
317,降维,contain,PCA理论以及降维,1287
318,分类的概念与基本理论,contain,掌握SVM（支持向量机）,1288
318,分类的概念与基本理论,contain,掌握RVM（相关向量机）,1289
319,深度神经网络,contain,了解神经网络和种类,1290
319,深度神经网络,contain,掌握网络训练方法,1291
320,卷积神经网络,contain,卷积神经网络的概念和应用,1292
320,卷积神经网络,contain,掌握卷积神经网络的基本原理,1293
320,卷积神经网络,contain,掌握分组卷积、残差网络的背景和基本原理,1294
321,图模型,contain,掌握图模型的概念和基本理论,1295
321,图模型,contain,掌握贝叶斯网络的理论,1296
321,图模型,contain,了解生成式模型,1297
322,序列数据模型,contain,马尔科夫链,1298
322,序列数据模型,contain,循环神经网络方法,1299
323,统计学习方法概述,contain,统计信息,1300
323,统计学习方法概述,contain,模型评估,1301
323,统计学习方法概述,contain,泛化能力,1302
324,描述性统计,contain,位置测度,1303
324,描述性统计,contain,离散性度量,1304
324,描述性统计,contain,变异系数,1305
325,概率分布,contain,随机变量,1306
325,概率分布,contain,离散概率分布,1307
325,概率分布,contain,连续概率分布,1308
326,假设检验,contain,假设检验与置信区间,1309
326,假设检验,contain,单样本推断,1310
326,假设检验,contain,两样本推断,1311
326,假设检验,contain,非参数检验,1312
326,假设检验,contain,类型数据,1313
327,分类方法,contain,K近邻法,1314
327,分类方法,contain,支持向量机,1315
327,分类方法,contain,随机森林,1316
327,分类方法,contain,提升方法,1317
328,回归方法,contain,线性回归,1318
328,回归方法,contain,相关系数,1319
328,回归方法,contain,多重线性回归,1320
328,回归方法,contain,偏相关和多重相关,1321
329,聚类方法,contain,主成分分析,1322
329,聚类方法,contain,K-means,1323
329,聚类方法,contain,谱聚类,1324
330,自然语言处理概述,contain,自然语言处理基本概念与方法,1325
330,自然语言处理概述,contain,自然语言处理应用领域,1326
331,自然语言处理的基础知识,contain,统计学基础,1327
331,自然语言处理的基础知识,contain,信息论基础,1328
332,形态分析与句法分析,contain,形态分析,1329
332,形态分析与句法分析,contain,句法分析,1330
333,概率上下文无关文法,contain,概率上下文无关文法概念,1331
333,概率上下文无关文法,contain,PCFG基本问题及其算法,1332
333,概率上下文无关文法,contain,PCFG改进方案,1333
334,神经网络,contain,背景知识,1334
334,神经网络,contain,前馈神经网络,1335
334,神经网络,contain,循环神经网络,1336
334,神经网络,contain,卷积神经网络,1337
334,神经网络,contain,transformer,1338
634,语言模型,contain,语言模型综述,1339
634,语言模型,contain,统计语言模型,1340
634,语言模型,contain,神经网络语言模型,1341
634,语言模型,contain,预训练语言模型,1342
336,机器翻译,contain,基于规则的机器翻译,1343
336,机器翻译,contain,基于统计的机器翻译,1344
336,机器翻译,contain,基于神经网络的机器翻译,1345
337,信息检索,contain,基本概念与基本模型,1346
337,信息检索,contain,概率检索模型,1347
337,信息检索,contain,深度神经语义匹配模型,1348
338,问答系统,contain,问答系统基本概念,1349
338,问答系统,contain,问答系统基本模型,1350
338,问答系统,contain,seq2seq模型,1351
339,心理与行为计算绪论,contain,计算思维与可计算性概述,1352
339,心理与行为计算绪论,contain,心理问题的特点及其客观性,1353
339,心理与行为计算绪论,contain,心理与行为计算的问题类型及典型问题,1354
340,心理的基本结构,contain,神经网络,1355
340,心理的基本结构,contain,意识与感知,1356
340,心理的基本结构,contain,思维与语言,1357
340,心理的基本结构,contain,人格与情绪,1358
341,社会行为的基本结构与数学模型,contain,社会网络的基本特征；,1359
341,社会行为的基本结构与数学模型,contain,博弈行为及价值交换的数学模型；,1360
341,社会行为的基本结构与数学模型,contain,信息传播的数学模型；,1361
341,社会行为的基本结构与数学模型,contain,群体决策的数学模型；,1362
342,心理分析与干预的计算方法,contain,基于语言的人格计算；,1363
342,心理分析与干预的计算方法,contain,基于语言的情绪计算；,1364
342,心理分析与干预的计算方法,contain,基于多模态数据的行为计算；,1365
342,心理分析与干预的计算方法,contain,心理干预的主要方法；,1366
342,心理分析与干预的计算方法,contain,基于语言的自动化心理干预,1367
343,心理与行为计算的应用,contain,个性化推荐；,1368
343,心理与行为计算的应用,contain,社会网络动态分析；,1369
343,心理与行为计算的应用,contain,智能对话；,1370
343,心理与行为计算的应用,contain,用户画像；,1371
343,心理与行为计算的应用,contain,影响力分析,1372
344,嵌入式系统设计概述,contain,嵌入式计算机系统,1373
344,嵌入式系统设计概述,contain,嵌入式计算机系统的设计原则和设计步骤,1374
345,嵌入式处理器,contain,嵌入式处理器,1375
345,嵌入式处理器,contain,选择嵌入式处理器,1376
346,总线设计,contain,总线概述,1377
346,总线设计,contain,内总线与外总线,1378
346,总线设计,contain,总线驱动与控制,1379
347,存储系统设计,contain,存储系统设计概述,1380
347,存储系统设计,contain,存储器地址译码方式及译码电路,1381
347,存储系统设计,contain,RAM,1382
347,存储系统设计,contain,EPROM和EEPROM,1383
348,嵌入式系统接口,contain,键盘接口,1384
348,嵌入式系统接口,contain,数字接口,1385
348,嵌入式系统接口,contain,数/模（D/A）变换器接口,1386
348,嵌入式系统接口,contain,模/数（A/D）变换器接口,1387
348,嵌入式系统接口,contain,显示接口,1388
348,嵌入式系统接口,contain,电机接口,1389
349,用户程序设计,contain,软件开发模式简述,1390
349,用户程序设计,contain,用户程序的基本要求及开发过程,1391
349,用户程序设计,contain,高级语言与汇编语言的接口,1392
350,实时监控程序,contain,实时监控程序概述,1393
350,实时监控程序,contain,实时监控程序设计,1394
351,嵌入式系统的可靠性设计,contain,嵌入式系统的可靠性设计概述,1395
351,嵌入式系统的可靠性设计,contain,故障检测技术,1396
351,嵌入式系统的可靠性设计,contain,硬件的可靠性设计,1397
351,嵌入式系统的可靠性设计,contain,软件的可靠性设计,1398
351,嵌入式系统的可靠性设计,contain,系统的抗干扰设计,1399
352,智能计算系统概述,contain,人工智能,1400
352,智能计算系统概述,contain,智能计算系统,1401
352,智能计算系统概述,contain,智能计算系统驱动范例,1402
353,神经网络基础,contain,从机器学习到神经网络,1403
353,神经网络基础,contain,神经网络训练,1404
353,神经网络基础,contain,神经网络设计原则,1405
353,神经网络基础,contain,过拟合与正则化,1406
353,神经网络基础,contain,交叉验证,1407
354,深度学习,contain,适合图像处理的卷积神经网络,1408
354,深度学习,contain,基于卷积神经网络的图像分类算法,1409
354,深度学习,contain,基于卷积神经网络的图像目标检测算法,1410
354,深度学习,contain,序列模型：循环神经网络,1411
354,深度学习,contain,生成对抗网络,1412
354,深度学习,contain,深度学习驱动范例,1413
355,编程框架使用,contain,编程框架概述,1414
355,编程框架使用,contain,TensorFlow编程模型及基本用法,1415
355,编程框架使用,contain,基于TensorFlow实现深度学习预测,1416
355,编程框架使用,contain,基于TensorFlow实现深度学习训练,1417
356,编程框架机理,contain,TensorFlow设计原则,1418
356,编程框架机理,contain,TensorFlow计算图机制,1419
356,编程框架机理,contain,TensorFlow系统实现,1420
356,编程框架机理,contain,编程框架对比,1421
357,深度学习处理器原理,contain,深度学习处理器概述,1422
357,深度学习处理器原理,contain,目标算法分析,1423
357,深度学习处理器原理,contain,深度学习处理器DLP结构,1424
357,深度学习处理器原理,contain,深度学习处理器优化设计,1425
357,深度学习处理器原理,contain,深度学习处理器性能评价,1426
358,深度学习处理器架构,contain,单核深度学习处理器,1427
358,深度学习处理器架构,contain,多核深度学习处理器,1428
359,智能编程语言,contain,智能计算系统抽象架构,1429
359,智能编程语言,contain,智能编程模型,1430
359,智能编程语言,contain,智能编程语言基础,1431
359,智能编程语言,contain,智能应用编程接口,1432
359,智能编程语言,contain,智能应用功能调试,1433
359,智能编程语言,contain,智能应用性能调优,1434
359,智能编程语言,contain,基于智能编程语言的系统开发,1435
360,物联网的概述,contain,物联网起源与发展,1436
360,物联网的概述,contain,物联网核心技术,1437
360,物联网的概述,contain,物联网主要特点,1438
360,物联网的概述,contain,物联网发展趋势,1439
360,物联网的概述,contain,物联网应用前景,1440
361,自动识别技术与RFID,contain,自动识别技术,1441
361,自动识别技术与RFID,contain,RFID的历史和现状,1442
361,自动识别技术与RFID,contain,RFID技术分析,1443
361,自动识别技术与RFID,contain,RFID和物联网,1444
362,无线传感网,contain,无线传感网发展历史,1445
362,无线传感网,contain,无线传感网硬件平台,1446
362,无线传感网,contain,无线传感网操作系统,1447
362,无线传感网,contain,无线传感网组网技术,1448
363,定位技术,contain,基于位置的服务,1449
363,定位技术,contain,定位技术,1450
363,定位技术,contain,定位方法,1451
363,定位技术,contain,物联网环境下的定位特点,1452
364,互联网和移动互联网,contain,互联网,1453
364,互联网和移动互联网,contain,移动互联网,1454
365,无线接入,contain,无线网络接入技术,1455
365,无线接入,contain,Wi-Fi 无线局域网,1456
365,无线接入,contain,蓝牙,1457
365,无线接入,contain,ZigBee,1458
365,无线接入,contain,60GHZ 毫米波通信,1459
365,无线接入,contain,可见光通信,1460
365,无线接入,contain,低功耗广域网,1461
366,物联网前沿,contain,物联网与大数据,1462
366,物联网前沿,contain,云计算,1463
366,物联网前沿,contain,边缘计算,1464
366,物联网前沿,contain,区块链技术,1465
367,安全可信网络安全观,contain,网络空间安全面临的挑战,1466
367,安全可信网络安全观,contain,网络安全脆弱性的根源,1467
367,安全可信网络安全观,contain,传统安全防护方法的局限性,1468
367,安全可信网络安全观,contain,主动免疫机制的原理,1469
367,安全可信网络安全观,contain,国内法规标准对安全可信的要求,1470
367,安全可信网络安全观,contain,国外可信计算研究发展,1471
368,可信计算理论基础,contain,可信计算的历史发展,1472
368,可信计算理论基础,contain,密码学对可信计算的支撑作用,1473
368,可信计算理论基础,contain,我国创新的主动可信架构,1474
368,可信计算理论基础,contain,可信扩展的过程,1475
368,可信计算理论基础,contain,静态可信机制,1476
368,可信计算理论基础,contain,动态可信机制,1477
369,可信密码机制,contain,可信密码模块概念,1478
369,可信密码机制,contain,可信软件栈,1479
369,可信密码机制,contain,可信软件基中的可信支撑机制,1480
369,可信密码机制,contain,可信密码功能,1481
369,可信密码机制,contain,基于可信密码模块的可信密码管理,1482
370,可信对系统安全的支撑,contain,系统主动监控机制的原理,1483
370,可信对系统安全的支撑,contain,Linux环境执行程序可信验证,1484
370,可信对系统安全的支撑,contain,平台可信策略部署,1485
370,可信对系统安全的支撑,contain,平台可信度量机制,1486
370,可信对系统安全的支撑,contain,平台可信报告机制,1487
370,可信对系统安全的支撑,contain,可信软件基在系统安全中的作用,1488
371,可信计算的应用,contain,可信计算对等级保护系统的支持,1489
371,可信计算的应用,contain,可信网络连接,1490
371,可信计算的应用,contain,云计算环境的可信,1491
371,可信计算的应用,contain,新型信息系统中的可信计算应用,1492
372,数据可视化简介,contain,可视化释义,1493
372,数据可视化简介,contain,可视化简史,1494
372,数据可视化简介,contain,数据可视化详解,1495
372,数据可视化简介,contain,数据科学的发展,1496
372,数据可视化简介,contain,数据可视化的意义,1497
372,数据可视化简介,contain,数据可视化分类,1498
372,数据可视化简介,contain,数据可视化与其他学科领域的关系,1499
372,数据可视化简介,contain,数据可视化研究挑战,1500
373,视觉感知与认知,contain,视觉感知,1501
373,视觉感知与认知,contain,认知、颜色、视觉编码原则,1502
374,地理信息可视化,contain,地图投影,1503
374,地理信息可视化,contain,区域数据的可视化,1504
374,地理信息可视化,contain,地理信息可视化的应用,1505
374,地理信息可视化,contain,复杂地理数据的可视分析,1506
375,大规模多变量空间数据场可视化,contain,大规模空间标量场数据的实时体可视化,1507
375,大规模多变量空间数据场可视化,contain,时变异构空间数据场的特征追踪与可视化,1508
375,大规模多变量空间数据场可视化,contain,空间向量场数据可视化,1509
375,大规模多变量空间数据场可视化,contain,空间张量场数据可视化,1510
376,层次和网络数据可视化,contain,层次数据,1511
376,层次和网络数据可视化,contain,网络数据的可视化,1512
377,文本和文档可视化,contain,文本可视化释义,1513
377,文本和文档可视化,contain,文本信息分析基础,1514
377,文本和文档可视化,contain,文本内容可视化,1515
377,文本和文档可视化,contain,文本关系可视化,1516
377,文本和文档可视化,contain,文本多层面信息的可视表达,1517
378,可视化中的交互,contain,交互准则,1518
378,可视化中的交互,contain,交互分类,1519
378,可视化中的交互,contain,交互技术,1520
378,可视化中的交互,contain,交互与硬件设备,1521
379,可视化软件,contain,科学可视化软件,1522
379,可视化软件,contain,可视化开发工具,1523
379,可视化软件,contain,数据分析和数据挖掘软件与开发工具,1524
380,知识图谱概述,contain,知识图谱的基本概念,1525
380,知识图谱概述,contain,知识图谱的历史沿革,1526
380,知识图谱概述,contain,知识图谱的研究意义,1527
380,知识图谱概述,contain,知识图谱的应用价值,1528
380,知识图谱概述,contain,知识图谱的分类,1529
381,知识表示,contain,知识表示基本概念,1530
381,知识表示,contain,知识图谱的图表示,1531
381,知识表示,contain,知识图谱的数值表示,1532
381,知识表示,contain,其他相关知识表示,1533
382,词汇挖掘与实体识别,contain,词汇挖掘与实体识别概述,1534
382,词汇挖掘与实体识别,contain,领域短语挖掘,1535
382,词汇挖掘与实体识别,contain,同义词挖掘,1536
382,词汇挖掘与实体识别,contain,缩略词抽取,1537
382,词汇挖掘与实体识别,contain,实体识别,1538
383,关系抽取,contain,关系抽取概述,1539
383,关系抽取,contain,基于模式的抽取,1540
383,关系抽取,contain,基于学习的抽取,1541
383,关系抽取,contain,开放关系抽取,1542
384,知识图谱的建模与存储,contain,知识图谱的建模与存储概述,1543
384,知识图谱的建模与存储,contain,知识图谱的数据模型,1544
384,知识图谱的建模与存储,contain,知识图谱的物理存储,1545
647,知识图谱的查询与检索,contain,知识图谱的查询与检索概述,1546
647,知识图谱的查询与检索,contain,查询语言：SPARQL,1547
647,知识图谱的查询与检索,contain,子图查询,1548
647,知识图谱的查询与检索,contain,其他查询,1549
385,基于知识图谱的搜索与推荐,contain,基于知识图谱的搜索与推荐概述,1550
385,基于知识图谱的搜索与推荐,contain,基于知识图谱的搜索,1551
385,基于知识图谱的搜索与推荐,contain,基于知识图谱的推荐,1552
386,基于知识图谱的问答,contain,基于知识图谱的问答概述,1553
386,基于知识图谱的问答,contain,基于模板的KBQA,1554
386,基于知识图谱的问答,contain,基于图模型的KBQA,1555
386,基于知识图谱的问答,contain,基于深度学习的KBQA,1556
387,计算机视觉介绍与发展现状,contain,了解计算机视觉的基本概念,1557
387,计算机视觉介绍与发展现状,contain,了解计算机视觉的起源、应用,1558
388,光场,contain,了解全光函数、光场概念,1559
388,光场,contain,掌握参数化描述,1560
388,光场,contain,掌握光场相机、光场应用,1561
494,双目视觉,contain,掌握双目视觉的原理、方法、步骤,1562
494,双目视觉,contain,掌握求匹配的几种方法,1563
389,多目视觉,contain,掌握多目视觉的原理、方法、步骤,1564
389,多目视觉,contain,掌握求解的几种方法,1565
390,SLAM——机器人基础,contain,掌握SLAM的原理和方法,1566
390,SLAM——机器人基础,contain,掌握SLAM与SFM的异同,1567
391,深度相机及应用,contain,掌握深度相机的种类与原理,1568
391,深度相机及应用,contain,了解基于深度相机的应用,1569
392,运动捕捉,contain,掌握刚体变换的表示,1570
392,运动捕捉,contain,掌握运动捕捉的方法,1571
392,运动捕捉,contain,了解前沿应用,1572
393,语义理解与分析,contain,图像分割,1573
393,语义理解与分析,contain,视频分割,1574
393,语义理解与分析,contain,目标检测,1575
394,命题逻辑,contain,命题、联结词的定义、表示,1576
394,命题逻辑,contain,命题公式的定义与翻译,1577
394,命题逻辑,contain,命题公式的语义与蕴含式、等价式,1578
394,命题逻辑,contain,范式的定义和性质,1579
394,命题逻辑,contain,命题公式的语法与推理理论,1580
395,谓词逻辑,contain,谓词、量词的定义、表示,1581
395,谓词逻辑,contain,谓词公式的定义、翻译,1582
395,谓词逻辑,contain,谓词公式的语义与蕴含式、等价式,1583
395,谓词逻辑,contain,前束范式的定义和性质,1584
395,谓词逻辑,contain,谓词公式的语法与推理理论,1585
396,集合与关系,contain,集合的定义与运算,1586
396,集合与关系,contain,关系的定义、性质与运算,1587
396,集合与关系,contain,集合的划分与等价关系,1588
396,集合与关系,contain,集合的覆盖与相容关系,1589
396,集合与关系,contain,偏序关系与特殊元素,1590
421,函数,contain,函数及其性质、函数的运算,1591
421,函数,contain,基数的概念、可数集和不可数集的概念,1592
398,代数系统,contain,运算和代数系统的定义,1593
398,代数系统,contain,二元运算的性质,1594
398,代数系统,contain,若干特殊代数系统的定义、性质,1595
398,代数系统,contain,陪集与拉格朗日定理,1596
398,代数系统,contain,同态与同构,1597
399,图论,contain,图的概念,1598
399,图论,contain,图的连通性,1599
399,图论,contain,图的矩阵表示,1600
399,图论,contain,一些特殊图的概念、判定和应用,1601
399,图论,contain,图的着色问题,1602
400,计算机导论介绍,contain,计算机的发展简介,1603
400,计算机导论介绍,contain,计算机的分类,1604
400,计算机导论介绍,contain,计算机的主要应用,1605
400,计算机导论介绍,contain,计算机系统的组成,1606
400,计算机导论介绍,contain,计算机系统的硬件组成,1607
400,计算机导论介绍,contain,计算机软件,1608
400,计算机导论介绍,contain,计算机的主要指标,1609
401,高性能计算,contain,计算与性能的定义,1610
401,高性能计算,contain,传统高性能计算应用,1611
401,高性能计算,contain,高性能计算与互联网应用,1612
401,高性能计算,contain,高性能计算与AI,1613
401,高性能计算,contain,高性能计算与软件工程,1614
402,芯片与计算机,contain,微电子学-计算机发展的源泉,1615
402,芯片与计算机,contain,中兴事件与中国集成电路面临的严峻挑战,1616
402,芯片与计算机,contain,集成电路的发展历史与发展趋势,1617
403,生物信息导论,contain,序列对位排列,1618
403,生物信息导论,contain,全局对位排列,1619
403,生物信息导论,contain,全局对位排列算法优化,1620
403,生物信息导论,contain,局部对位排列,1621
403,生物信息导论,contain,针对DNA的得分函数,1622
403,生物信息导论,contain,针对蛋白质的得分函数,1623
403,生物信息导论,contain,后缀树定义及性质,1624
403,生物信息导论,contain,后缀输应用,1625
404,人工智能,contain,人工智能绪论,1626
404,人工智能,contain,知识表示,1627
404,人工智能,contain,确定性推理方法,1628
404,人工智能,contain,不确定性推理方法,1629
404,人工智能,contain,搜索求解策略,1630
404,人工智能,contain,遗传算法及其应用,1631
404,人工智能,contain,人工神经网络及其应用,1632
404,人工智能,contain,专家系统,1633
405,计算机系统（体系）结构,contain,计算机系统结构介绍,1634
405,计算机系统（体系）结构,contain,计算机系统结构的发展历程,1635
405,计算机系统（体系）结构,contain,现代计算机系统结构研究的挑战和机遇,1636
405,计算机系统（体系）结构,contain,学习计算机系统类课程的目的,1637
406,计算机视觉,contain,什么是计算机视觉,1638
406,计算机视觉,contain,计算机视觉的范畴,1639
406,计算机视觉,contain,深度学习,1640
407,软件开发与软件工程,contain,计算机语言与翻译程序,1641
407,软件开发与软件工程,contain,程序设计——算法与数据结构,1642
407,软件开发与软件工程,contain,软件危机的应对,1643
408,万物互联时代的无源感知与计算,contain,万物互联技术的发展回顾,1644
408,万物互联时代的无源感知与计算,contain,射频识别技术简介,1645
408,万物互联时代的无源感知与计算,contain,射频识别技术的典型应用,1646
409,软件定义驱动的未来互联网,contain,软件定义的理解,1647
409,软件定义驱动的未来互联网,contain,互联网发展与软件定义,1648
409,软件定义驱动的未来互联网,contain,软件定义的互联网融合体系,1649
410,网络空间安全概述,contain,网络安全研究背景,1650
410,网络空间安全概述,contain,网络安全面临的问题,1651
410,网络空间安全概述,contain,网络安全研究现状,1652
410,网络空间安全概述,contain,网络安全未来研究展望,1653
411,自然语言处理,contain,什么是自然语言处理,1654
411,自然语言处理,contain,自然语言处理研究内容,1655
411,自然语言处理,contain,自然语言处理技术落地,1656
411,自然语言处理,contain,自然语言发展历史,1657
411,自然语言处理,contain,自然语言处理与其他学科关系,1658
411,自然语言处理,contain,自然语言处理最近进展,1659
411,自然语言处理,contain,自然语言处理未来趋势,1660
412,云计算系统,contain,云计算背景,1661
412,云计算系统,contain,阿里云与腾讯云,1662
412,云计算系统,contain,亚马逊云,1663
412,云计算系统,contain,谷歌云,1664
412,云计算系统,contain,云服务提供商,1665
412,云计算系统,contain,云计算带来的优势,1666
413,计算机网络简介,contain,什么是计算机网络和因特网,1667
413,计算机网络简介,contain,因特网结构和ISP,1668
413,计算机网络简介,contain,因特网协议：TCP/IP,1669
413,计算机网络简介,contain,因特网应用示例：Web和E-mail,1670
414,数据库简介,contain,数据库系统概述,1671
414,数据库简介,contain,关系数据库,1672
414,数据库简介,contain,关系数据库标准语言SQL,1673
414,数据库简介,contain,数据库安全性,1674
414,数据库简介,contain,数据库完整性,1675
414,数据库简介,contain,关系数据理论,1676
414,数据库简介,contain,数据库设计,1677
414,数据库简介,contain,数据库恢复技术,1678
414,数据库简介,contain,并发控制,1679
415,数据可视化,contain,数据可视化基础,1680
415,数据可视化,contain,可视化方法,1681
415,数据可视化,contain,软件与工具介绍,1682
415,数据可视化,contain,可视化案例介绍,1683
416,计算机系统与程序设计概述,contain,计算机系统简介,1684
416,计算机系统与程序设计概述,contain,程序设计语言简介,1685
416,计算机系统与程序设计概述,contain,操作系统简介,1686
416,计算机系统与程序设计概述,contain,C/C++发展历史,1687
416,计算机系统与程序设计概述,contain,C/C++程序的开发过程,1688
417,C/C++基础知识,contain,简单完整的C/C++程序,1689
417,C/C++基础知识,contain,简单的输入、输出,1690
417,C/C++基础知识,contain,简单数据类型,1691
417,C/C++基础知识,contain,基本运算,1692
418,分支程序设计,contain,分支语句,1693
418,分支程序设计,contain,分支嵌套,1694
418,分支程序设计,contain,多分支语句,1695
418,分支程序设计,contain,逻辑运算符和逻辑表达式,1696
418,分支程序设计,contain,案例介绍：税收计算、闰年计算,1697
419,数学函数、字符、字符串,contain,数学函数,1698
419,数学函数、字符、字符串,contain,字符数据类型,1699
419,数学函数、字符、字符串,contain,字符串,1700
419,数学函数、字符、字符串,contain,案例介绍：产生随机数、猜生日、倒序字符串,1701
420,循环,contain,while循环,1702
420,循环,contain,do-while循环,1703
420,循环,contain,for循环,1704
420,循环,contain,三种循环的比较,1705
420,循环,contain,循环嵌套,1706
420,循环,contain,案例介绍：输出素数,1707
421,函数,contain,函数定义,1708
421,函数,contain,函数调用,1709
421,函数,contain,函数参数传递,1710
421,函数,contain,函数重载,1711
421,函数,contain,静态变量,1712
421,函数,contain,案例介绍：把十六进制数转换为十进制数,1713
422,一维数组和C串,contain,一维数组定义和使用,1714
422,一维数组和C串,contain,C串的定义和函数,1715
422,一维数组和C串,contain,案例介绍：乐透彩票、随机发牌、字符频率统计,1716
423,多维数组,contain,多维数组的定义和使用,1717
423,多维数组,contain,利用嵌套循环访问多维数组,1718
423,多维数组,contain,案例介绍：数独游戏,1719
424,递归程序设计,contain,递归的定义,1720
424,递归程序设计,contain,递归程序的基本设计方法,1721
424,递归程序设计,contain,案例介绍：斐波那契数列、汉诺塔问题,1722
425,对象和类,contain,对象和类的定义,1723
425,对象和类,contain,对象的定义和类的创建,1724
426,面向对象,contain,字符串类,1725
426,面向对象,contain,对象和类的使用方法,1726
426,面向对象,contain,案列介绍：StackOfInteger类,1727
427,指针和动态内存管理,contain,指针的基本概念,1728
427,指针和动态内存管理,contain,数组和指针,1729
427,指针和动态内存管理,contain,利用指针传递参数,1730
427,指针和动态内存管理,contain,动态内存分配,1731
427,指针和动态内存管理,contain,析构函数,1732
427,指针和动态内存管理,contain,案例介绍：Course类的定义和使用,1733
428,算法分析,contain,算法分析原理,1734
428,算法分析,contain,空间复杂度和时间复杂度,1735
428,算法分析,contain,渐进分析，符号（O、Ω、Θ）,1736
428,算法分析,contain,解递归,1737
429,分治法,contain,分治法原理,1738
430,贪心法,contain,最优化问题,1739
430,贪心法,contain,贪心法原理,1740
431,动态规划,contain,动态规划原理,1741
431,动态规划,contain,应用实例,1742
432,回溯与分枝－限界法,contain,回溯法及应用实例,1743
432,回溯与分枝－限界法,contain,分枝－限界法及应用实例,1744
428,算法分析,contain,数据结构的基本概念和术语,1745
428,算法分析,contain,算法分析的基本概念,1746
434,线性表,contain,线性表,1747
434,线性表,contain,顺序表（表示及其存储结构）,1748
434,线性表,contain,链表（表示及其存储结构）,1749
434,线性表,contain,线性表的应用,1750
435,栈和队列,contain,栈的存储表示和基本运算,1751
435,栈和队列,contain,栈的应用,1752
435,栈和队列,contain,链队列,1753
435,栈和队列,contain,循环队列,1754
435,栈和队列,contain,队列的应用,1755
435,栈和队列,contain,特殊矩阵的压缩存储,1756
436,递归,contain,递归概念,1757
436,递归,contain,递归过程,1758
436,递归,contain,递归算法,1759
436,递归,contain,递归实现,1760
437,字符串,contain,串的存储结构,1761
437,字符串,contain,串的基本运算,1762
438,树和二叉树,contain,树、二叉树的概念及性质,1763
438,树和二叉树,contain,二叉树的顺序存储结构及链式存储结构,1764
438,树和二叉树,contain,遍历二叉树,1765
438,树和二叉树,contain,二叉树的应用,1766
438,树和二叉树,contain,线索二叉树,1767
438,树和二叉树,contain,树的存储结构,1768
438,树和二叉树,contain,树和森林与二叉树的转换,1769
438,树和二叉树,contain,树和森林的遍历,1770
438,树和二叉树,contain,哈夫曼树及其应用,1771
439,图,contain,图的定义和术语,1772
439,图,contain,图的存储结构,1773
439,图,contain,图的遍历,1774
439,图,contain,最小生成树,1775
439,图,contain,拓扑排序,1776
439,图,contain,关键路径,1777
439,图,contain,最短路径,1778
440,查找,contain,查找,1779
440,查找,contain,静态查找表,1780
440,查找,contain,动态查找表,1781
440,查找,contain,二叉排序树,1782
440,查找,contain,平衡二叉树,1783
440,查找,contain,哈希表,1784
440,查找,contain,B+树、B-树及其基本操作,1785
440,查找,contain,查找算法的分析及应用,1786
441,排序,contain,插入排序,1787
441,排序,contain,冒泡排序,1788
441,排序,contain,快速排序,1789
441,排序,contain,选择排序,1790
441,排序,contain,堆排序,1791
441,排序,contain,归并排序,1792
441,排序,contain,基数排序,1793
441,排序,contain,内排序方法比较,1794
441,排序,contain,内部排序算法的应用,1795
442,计算机系统绪论,contain,计算机系统基本概念,1796
442,计算机系统绪论,contain,计算机的硬件组织,1797
442,计算机系统绪论,contain,最小系统,1798
442,计算机系统绪论,contain,编译系统,1799
442,计算机系统绪论,contain,Helloworld程序在计算机中的运行,1800
443,信息的表示和处理,contain,信息的存储,1801
443,信息的表示和处理,contain,逻辑运算与位运算,1802
443,信息的表示和处理,contain,整数的表示,1803
443,信息的表示和处理,contain,整数运算,1804
443,信息的表示和处理,contain,浮点数,1805
443,信息的表示和处理,contain,浮点运算,1806
444,程序的机器级表示,contain,CPU的发展历史,1807
444,程序的机器级表示,contain,C语言与汇编语言,1808
444,程序的机器级表示,contain,数据的访问,1809
444,程序的机器级表示,contain,算术和逻辑运算的表示,1810
444,程序的机器级表示,contain,分支控制,1811
444,程序的机器级表示,contain,过程,1812
444,程序的机器级表示,contain,数组,1813
444,程序的机器级表示,contain,结构体与联合体,1814
444,程序的机器级表示,contain,数据在存储器中的布局,1815
444,程序的机器级表示,contain,缓冲区溢出攻击与防御,1816
445,处理器体系结构,contain,复杂指令集与精简指令集计算机,1817
445,处理器体系结构,contain,顺序执行处理器,1818
445,处理器体系结构,contain,流水线基本原理,1819
445,处理器体系结构,contain,处理器微体系结构的发展趋势,1820
446,存储器的层次结构,contain,存储器技术,1821
446,存储器的层次结构,contain,程序的局部性原理,1822
446,存储器的层次结构,contain,存储器层次结构,1823
446,存储器的层次结构,contain,缓存的基本概念,1824
446,存储器的层次结构,contain,高速缓存,1825
446,存储器的层次结构,contain,编写缓存友好的代码,1826
446,存储器的层次结构,contain,存储器山,1827
447,链接,contain,链接基本概念,1828
447,链接,contain,静态链接,1829
447,链接,contain,链接库,1830
447,链接,contain,库打桩技术,1831
448,异常控制流,contain,异常,1832
449,虚拟内存,contain,物理地址与虚拟地址,1833
449,虚拟内存,contain,地址空间,1834
449,虚拟内存,contain,虚拟内存作为缓存的工具,1835
449,虚拟内存,contain,虚拟内存作为内存管理的工具,1836
449,虚拟内存,contain,地址翻译,1837
449,虚拟内存,contain,虚拟内存案例分析,1838
450,操作系统概述,contain,什么是操作系统,1839
450,操作系统概述,contain,操作系统历史及分类,1840
450,操作系统概述,contain,计算机软硬件系统,1841
450,操作系统概述,contain,操作系统结构,1842
451,Unix/Linux基础,contain,文件的概念与使用,1843
451,Unix/Linux基础,contain,进程的概念与管理,1844
451,Unix/Linux基础,contain,shell的使用,1845
451,Unix/Linux基础,contain,程序开发基础,1846
451,Unix/Linux基础,contain,内核基本结构,1847
452,进程与线程，死锁,contain,进程,1848
452,进程与线程，死锁,contain,线程,1849
452,进程与线程，死锁,contain,进程间通信,1850
452,进程与线程，死锁,contain,调度,1851
452,进程与线程，死锁,contain,死锁,1852
453,内存管理,contain,内存分层金字塔模型,1853
453,内存管理,contain,分区式、分页式、分段式和段页式内存管理,1854
453,内存管理,contain,页面置换算法,1855
454,文件系统,contain,文件与目录,1856
454,文件系统,contain,文件系统,1857
454,文件系统,contain,存储设备,1858
454,文件系统,contain,备份恢复,1859
455,输入输出设备,contain,I/O硬件,1860
455,输入输出设备,contain,I/O软件,1861
455,输入输出设备,contain,缓冲区、中断与DMA,1862
455,输入输出设备,contain,设备驱动,1863
456,计算机系统机构和高性能计算新技术及对产业发展的推动,contain,系统结构新技术,1864
456,计算机系统机构和高性能计算新技术及对产业发展的推动,contain,并行计算平台技术,1865
456,计算机系统机构和高性能计算新技术及对产业发展的推动,contain,多核技术,1866
456,计算机系统机构和高性能计算新技术及对产业发展的推动,contain,并行计算,1867
457,计算机网络与通信新技术及对产业发展的推动,contain,网络新技术,1868
457,计算机网络与通信新技术及对产业发展的推动,contain,通信新技术,1869
457,计算机网络与通信新技术及对产业发展的推动,contain,无线网络,1870
457,计算机网络与通信新技术及对产业发展的推动,contain,移动和多媒体应用,1871
458,信息安全新技术及对产业发展的推动,contain,信息安全,1872
458,信息安全新技术及对产业发展的推动,contain,网络安全,1873
458,信息安全新技术及对产业发展的推动,contain,密码学新方法,1874
458,信息安全新技术及对产业发展的推动,contain,认证技术,1875
458,信息安全新技术及对产业发展的推动,contain,子商务,1876
459,软件工程新技术及对产业发展的推动,contain,数据库结构,1877
459,软件工程新技术及对产业发展的推动,contain,数据挖掘,1878
459,软件工程新技术及对产业发展的推动,contain,数据仓库新技术,1879
459,软件工程新技术及对产业发展的推动,contain,数据检索与分析,1880
460,人工智能新技术及对产业发展的推动,contain,机器学习,1881
460,人工智能新技术及对产业发展的推动,contain,智能信息处理分析,1882
460,人工智能新技术及对产业发展的推动,contain,搜索引擎等新技术,1883
461,计算机图形图像新技术及对产业发展的推动,contain,机器视觉,1884
461,计算机图形图像新技术及对产业发展的推动,contain,计算机图形学新技术,1885
461,计算机图形图像新技术及对产业发展的推动,contain,可视化新技术,1886
461,计算机图形图像新技术及对产业发展的推动,contain,动漫,1887
461,计算机图形图像新技术及对产业发展的推动,contain,CAD应用,1888
462,人机交互新技术及对产业发展的推动,contain,语音交互技术,1889
462,人机交互新技术及对产业发展的推动,contain,智能人机交互,1890
463,逻辑电路基础,contain,控制复杂性的艺术,1891
463,逻辑电路基础,contain,数字抽象,1892
463,逻辑电路基础,contain,数制,1893
463,逻辑电路基础,contain,逻辑门,1894
463,逻辑电路基础,contain,CMOS晶体管,1895
463,逻辑电路基础,contain,功耗,1896
464,组合逻辑设计,contain,布尔表达式,1897
464,组合逻辑设计,contain,布尔代数,1898
464,组合逻辑设计,contain,从逻辑到门,1899
464,组合逻辑设计,contain,多级组合逻辑,1900
464,组合逻辑设计,contain,X和Z,1901
464,组合逻辑设计,contain,卡诺图,1902
464,组合逻辑设计,contain,时序,1903
464,组合逻辑设计,contain,组合逻辑电路设计总结,1904
465,基于硬件描述语言的组合逻辑电路模块设计,contain,SystemVerilog硬件描述语言基础,1905
465,基于硬件描述语言的组合逻辑电路模块设计,contain,基于SystemVerilog的数字电路建模方法,1906
465,基于硬件描述语言的组合逻辑电路模块设计,contain,基于SystemVerilog的测试程序,1907
465,基于硬件描述语言的组合逻辑电路模块设计,contain,常见组合逻辑电路模块设计,1908
465,基于硬件描述语言的组合逻辑电路模块设计,contain,逻辑阵列,1909
466,时序逻辑设计,contain,锁存器和触发器,1910
466,时序逻辑设计,contain,同步逻辑设计,1911
466,时序逻辑设计,contain,有限状态机,1912
466,时序逻辑设计,contain,时序逻辑的时序,1913
466,时序逻辑设计,contain,常见时序逻辑电路模块的设计,1914
466,时序逻辑设计,contain,时序逻辑电路设计总结,1915
467,指令集体系结构,contain,冯诺依曼计算机结构,1916
467,指令集体系结构,contain,汇编语言,1917
467,指令集体系结构,contain,机器语言,1918
468,数据库系统世界（概述）,contain,数据库,1919
468,数据库系统世界（概述）,contain,数据模型,1920
468,数据库系统世界（概述）,contain,三级模式,1921
469,关系数据库模型,contain,数据模型概述,1922
469,关系数据库模型,contain,关系模型基础,1923
469,关系数据库模型,contain,关系代数,1924
469,关系数据库模型,contain,关系上的约束,1925
470,关系数据库语言SQL,contain,简单查询,1926
470,关系数据库语言SQL,contain,多关系查询,1927
470,关系数据库语言SQL,contain,子查询,1928
470,关系数据库语言SQL,contain,全关系操作,1929
470,关系数据库语言SQL,contain,数据库更新,1930
470,关系数据库语言SQL,contain,SQL中的事务,1931
471,关系数据库设计理论,contain,函数依赖,1932
471,关系数据库设计理论,contain,函数依赖的规则,1933
471,关系数据库设计理论,contain,关系数据库模式设计,1934
471,关系数据库设计理论,contain,分解的优劣,1935
471,关系数据库设计理论,contain,第三范式,1936
471,关系数据库设计理论,contain,多值依赖,1937
472,高层数据库模型,contain,E/R模型,1938
472,高层数据库模型,contain,设计原则,1939
472,高层数据库模型,contain,E/R模型中的约束,1940
472,高层数据库模型,contain,弱实体集,1941
472,高层数据库模型,contain,从E/R图到关系设计,1942
472,高层数据库模型,contain,子类结构到关系的转化,1943
472,高层数据库模型,contain,统一建模语言,1944
472,高层数据库模型,contain,UML图到关系的转化,1945
473,约束和触发器,contain,键和外键,1946
473,约束和触发器,contain,属性和元组上的约束,1947
473,约束和触发器,contain,修改约束,1948
473,约束和触发器,contain,断言,1949
473,约束和触发器,contain,触发器,1950
474,视图与索引,contain,虚拟视图,1951
474,视图与索引,contain,修改视图,1952
474,视图与索引,contain,SQL中的索引,1953
474,视图与索引,contain,索引的选择,1954
474,视图与索引,contain,物化视图,1955
475,服务器环境下的SQL,contain,三层体系结构,1956
475,服务器环境下的SQL,contain,存储过程,1957
476,SQL中的安全机制,contain,SQL中的安全机制和用户认证,1958
477,数据库恢复,contain,故障种类、事务的基本概念,1959
477,数据库恢复,contain,Undo日志,1960
477,数据库恢复,contain,Redo日志,1961
477,数据库恢复,contain,Undo/Redo日志,1962
477,数据库恢复,contain,应对介质故障,1963
478,并发控制,contain,串行调度和可串行化调度,1964
478,并发控制,contain,冲突可串行化,1965
478,并发控制,contain,使用锁的可串行化实现,1966
478,并发控制,contain,多种锁模式,1967
478,并发控制,contain,封锁的粒度,1968
479,NoSQL基本概念,contain,NoSQL的背景、概念,1969
479,NoSQL基本概念,contain,主流NoSQL数据库,1970
480,计算机网络绪论,contain,Internet基本概念,1971
480,计算机网络绪论,contain,计算机网络体系结构基本概念,1972
480,计算机网络绪论,contain,计算机网络性能分析方法,1973
480,计算机网络绪论,contain,计算机网络和Internet发展的历史和背景,1974
481,应用层,contain,应用层服务模型及协议设计的基本方法,1975
481,应用层,contain,HTTP协议的设计及性能分析,1976
481,应用层,contain,SMTP，DNS协议简介,1977
481,应用层,contain,P2P应用程序的设计方法,1978
481,应用层,contain,网络应用程序实现技术（Socket编程）,1979
482,传输层,contain,传输层服务模型及功能,1980
482,传输层,contain,UDP协议简介,1981
482,传输层,contain,网络可靠数据传输的基本原理,1982
482,传输层,contain,TCP协议的可靠数据传输设计与性能分析,1983
482,传输层,contain,TCP协议的流量控制和连接管理,1984
482,传输层,contain,控制的基本原理,1985
482,传输层,contain,TCP协议的拥塞控制机制与性能分析,1986
482,传输层,contain,TCP协议的公平性及最新研究进展,1987
483,网络层：数据层面,contain,网络层的服务模型及功能,1988
483,网络层：数据层面,contain,数据包交换基本原理,1989
483,网络层：数据层面,contain,路由器内部结构,1990
483,网络层：数据层面,contain,IP协议、IP地址分配和管理,1991
483,网络层：数据层面,contain,SDN的转发技术,1992
208,网络层：控制层面,contain,路由算法设计及性能分析,1993
208,网络层：控制层面,contain,Internet域内路由协议,1994
208,网络层：控制层面,contain,Internet域间路由协议,1995
208,网络层：控制层面,contain,Internet路由协议,1996
208,网络层：控制层面,contain,SDN控制平面,1997
484,数据链路层,contain,数据链路层服务模型及功能,1998
484,数据链路层,contain,有线局域网技术,1999
484,数据链路层,contain,链路虚拟化技术,2000
484,数据链路层,contain,数据中心网络概述,2001
484,数据链路层,contain,计算机网络数据传输总结,2002
485,面向对象程序设计的原则,contain,SOLID原则,2003
485,面向对象程序设计的原则,contain,其他设计原则,2004
486,经典设计模式,contain,创建型模式,2005
486,经典设计模式,contain,结构型模式,2006
486,经典设计模式,contain,行为型模式,2007
487,设计模式的综合应用,contain,面向对象设计的SOLID原则,2008
488,人工智能概述,contain,人工智能历史,2009
488,人工智能概述,contain,领域划分,2010
488,人工智能概述,contain,人工智能内涵,2011
488,人工智能概述,contain,算法内涵,2012
489,搜索算法,contain,搜索算法原理,2013
490,马尔科夫决策过程,contain,MDP模型及求解算法,2014
490,马尔科夫决策过程,contain,马尔科夫决策过程,2015
490,马尔科夫决策过程,contain,马尔科夫模型,2016
490,马尔科夫决策过程,contain,隐马尔科夫模型,2017
490,马尔科夫决策过程,contain,增强学习,2018
491,人工智能的游戏策略,contain,搜索,2019
491,人工智能的游戏策略,contain,剪枝,2020
491,人工智能的游戏策略,contain,博弈论,2021
492,约束求解,contain,约束求解算法-线性规划,2022
492,约束求解,contain,约束求解算法-整形规划,2023
492,约束求解,contain,约束求解算法-混合整形规划,2024
493,图像处理概述,contain,数字图像处理的历史,2025
493,图像处理概述,contain,数字图像处理的应用,2026
494,数字图像处理基础,contain,灰度、彩色图像的矩阵表示,2027
494,数字图像处理基础,contain,使用matlab对矩阵操作,2028
494,数字图像处理基础,contain,常见的两种插值算法,2029
495,空间域图像增强,contain,灰度变换,2030
495,空间域图像增强,contain,直方图处理,2031
495,空间域图像增强,contain,空间滤波器,2032
496,频率域图像增强,contain,一维傅里叶变换,2033
496,频率域图像增强,contain,二维傅里叶变换,2034
496,频率域图像增强,contain,频率域滤波的步骤,2035
496,频率域图像增强,contain,频率域滤波与空间域滤波之间的关系,2036
496,频率域图像增强,contain,不同类型的频率域滤波器,2037
497,图形复原,contain,不同类型的噪声,2038
497,图形复原,contain,噪声参数的估计,2039
497,图形复原,contain,不同类型的空间滤波器及其性质、适用范围,2040
497,图形复原,contain,线性、位置不变的图像退化模型,2041
497,图形复原,contain,逆滤波、维纳滤波、约束最小二乘滤波,2042
498,图像分割,contain,点检测,2043
498,图像分割,contain,线检测,2044
498,图像分割,contain,霍夫变换,2045
498,图像分割,contain,最小二乘法拟合直线,2046
498,图像分割,contain,RANSAC法拟合直线,2047
498,图像分割,contain,全局阈值、自适应阈值,2048
499,图像的表示与描述,contain,链码,2049
499,图像的表示与描述,contain,多边形近似,2050
499,图像的表示与描述,contain,标记图,2051
499,图像的表示与描述,contain,形状数,2052
499,图像的表示与描述,contain,统计矩,2053
499,图像的表示与描述,contain,拓扑描绘子,2054
499,图像的表示与描述,contain,纹理,2055
499,图像的表示与描述,contain,二维函数的矩,2056
500,图像识别,contain,神经网络的构成,2057
500,图像识别,contain,串匹配中的语法、句法,2058
630,自然语言处理绪论,contain,自然语言处理研究现状,2059
630,自然语言处理绪论,contain,自然语言处理主要研究内容,2060
630,自然语言处理绪论,contain,自然语言处理基本研究方法,2061
502,形式语言与自动机机器在NLP中的应用,contain,形式语言,2062
502,形式语言与自动机机器在NLP中的应用,contain,自动机,2063
502,形式语言与自动机机器在NLP中的应用,contain,有限自动机与状态转移机的应用,2064
503,语料库与语言知识库,contain,语料库/语料库语言学的基本概念,2065
503,语料库与语言知识库,contain,语料库类型,2066
503,语料库与语言知识库,contain,典型语料库,2067
503,语料库与语言知识库,contain,wordnet应用,2068
634,语言模型,contain,n元语法的基本概念,2069
634,语言模型,contain,数据平滑方法,2070
634,语言模型,contain,语言模型的自适应方法,2071
634,语言模型,contain,语言模型的应用,2072
505,隐马尔科夫模型,contain,马尔可夫模型,2073
505,隐马尔科夫模型,contain,隐马尔可夫模型,2074
505,隐马尔科夫模型,contain,前向算法,2075
505,隐马尔科夫模型,contain,后向算法,2076
505,隐马尔科夫模型,contain,Viterbi搜索算法,2077
505,隐马尔科夫模型,contain,参数学习,2078
506,词性分析与词性标注,contain,英语形态分析,2079
506,词性分析与词性标注,contain,汉语自动分词方法,2080
506,词性分析与词性标注,contain,未登录词识别,2081
506,词性分析与词性标注,contain,词性标注问题和方法,2082
506,词性分析与词性标注,contain,分词与词性标注结果评测,2083
507,语法理论,contain,功能合一语法 (FUG),2084
507,语法理论,contain,词汇功能语法 (LFG),2085
507,语法理论,contain,树连接语法 (TAG),2086
507,语法理论,contain,广义的短语结构语法 (GPSG),2087
508,句法分析,contain,线图分析法,2088
508,句法分析,contain,CYK分析算法,2089
508,句法分析,contain,概率上下文无关文法,2090
508,句法分析,contain,PCFG句法分析,2091
508,句法分析,contain,基于PCFG分析方法的改进,2092
509,语义分析,contain,语义理论,2093
509,语义分析,contain,格语法,2094
509,语义分析,contain,语义网络,2095
509,语义分析,contain,有监督的词义消歧方法,2096
509,语义分析,contain,无监督的词义消歧方法,2097
510,专业英语基本概念,contain,软件人员沟通方法等概念,2098
511,软件人员英语沟通的各种方法,contain,各种软件人员沟通方法,2099
512,软件行业中的英文写作,contain,英文写作格式要求,2100
512,软件行业中的英文写作,contain,英文写作技巧,2101
513,强化英文听力练习,contain,英文听力练习方法,2102
514,使用英语书写工作计划、工作报告,contain,英语写作练习,2103
515,使用英语研究和讨论有关软件开发主题,contain,专业英语研究应用,2104
516,使用英语进行专业演讲和主持会议,contain,专业英语演讲应用,2105
517,在英语环境中的工作面试,contain,专业英语实际应用,2106
518,软件的本质,contain,软件的基本概念,2107
518,软件的本质,contain,软件演化,2108
518,软件的本质,contain,软件的危机,2109
519,软件过程结构,contain,软件过程的模型,2110
519,软件过程结构,contain,软件能力成熟度模型,2111
520,过程模型,contain,软件全生命周期,2112
520,过程模型,contain,各类软件过程模型,2113
521,敏捷开发,contain,敏捷开发,2114
521,敏捷开发,contain,极限编程,2115
521,敏捷开发,contain,Scrum,2116
521,敏捷开发,contain,动态系统开发方法,2117
522,软件工程的人员方法,contain,软件工程行为模式，团队角色，敏捷团队,2118
523,指导实践的原则,contain,软件工程过程和实践的各类原则,2119
524,项目管理概念,contain,组织范型,2120
524,项目管理概念,contain,问题分解,2121
524,项目管理概念,contain,过程框架,2122
524,项目管理概念,contain,项目方法,2123
525,过程度量和项目度量,contain,过程度量方法,2124
525,过程度量和项目度量,contain,项目度量方法,2125
526,软件项目估算,contain,项目计划的要点,2126
526,软件项目估算,contain,软件资源、成本和进度估算方法,2127
527,项目进度安排,contain,工作量估算和分配,2128
527,项目进度安排,contain,任务网络图,2129
527,项目进度安排,contain,跟踪和反馈,2130
528,风险分析,contain,风险表达、识别、预测、评估和缓解,2131
529,维护与再工程,contain,软件维护,2132
529,维护与再工程,contain,软件再工程,2133
530,软件过程改进,contain,软件过程改进,2134
530,软件过程改进,contain,能力成熟度模型,2135
531,软件工程的新趋势,contain,软件技术发展趋势,2136
532,UML介绍和软件工程最佳实践,contain,什么是对象技术,2137
532,UML介绍和软件工程最佳实践,contain,什么是模型,2138
533,面向对象概念,contain,什么是对象,2139
533,面向对象概念,contain,什么是模板类型,2140
533,面向对象概念,contain,什么是类,2141
533,面向对象概念,contain,什么是属性,2142
533,面向对象概念,contain,什么是操作,2143
533,面向对象概念,contain,什么是多态,2144
533,面向对象概念,contain,什么是包,2145
533,面向对象概念,contain,什么是接口,2146
533,面向对象概念,contain,什么是子系统,2147
533,面向对象概念,contain,什么是组件（构件）,2148
533,面向对象概念,contain,什么是关联,2149
533,面向对象概念,contain,什么是多重性,2150
533,面向对象概念,contain,什么是集合,2151
533,面向对象概念,contain,什么是导航,2152
533,面向对象概念,contain,什么是一般化（泛化）,2153
533,面向对象概念,contain,什么是实现,2154
534,需求分析概述,contain,需求概述,2155
534,需求分析概述,contain,系统行为,2156
535,用例模型,contain,用例模型,2157
535,用例模型,contain,用例描述,2158
535,用例模型,contain,事件流,2159
535,用例模型,contain,场景,2160
535,用例模型,contain,活动图,2161
535,用例模型,contain,词汇表,2162
536,分析与设计,contain,分析和设计的区别,2163
536,分析与设计,contain,架构,2164
536,分析与设计,contain,“4+1视图”模型,2165
536,分析与设计,contain,分析和设计活动,2166
536,分析与设计,contain,什么是Use-Case实现,2167
537,软件体系结构分析,contain,架构分析步骤的核心概念,2168
538,用例设计,contain,用例分析、分析类,2169
538,用例设计,contain,协作图,2170
538,用例设计,contain,序列图,2171
539,设计元素,contain,类,2172
539,设计元素,contain,子系统,2173
539,设计元素,contain,接口,2174
539,设计元素,contain,复用,2175
540,确定设计机制,contain,设计机制,2176
540,确定设计机制,contain,记录架构机制,2177
541,类设计,contain,类设计的步骤,2178
542,形式化方法引论,contain,形式化方法的概念、必要性、作用及其效果,2179
542,形式化方法引论,contain,形式化语言Z概况,2180
543,集合,contain,集合的概念,2181
543,集合,contain,集合类型,2182
543,集合,contain,集合声明,2183
543,集合,contain,集合交并补差等基本运算,2184
543,集合,contain,用集合运算表示实际问题,2185
544,命题逻辑语言,contain,命题概念,2186
544,命题逻辑语言,contain,命题变量,2187
544,命题逻辑语言,contain,命题形式,2188
544,命题逻辑语言,contain,逻辑联结词,2189
544,命题逻辑语言,contain,逻辑运算规则,2190
545,Z模式,contain,Z模式基本概念,2191
545,Z模式,contain,Z模式下的逻辑演算,2192
545,Z模式,contain,Z模式描述输入输出,2193
545,Z模式,contain,Z模式进阶操作,2194
545,Z模式,contain,标准Z模式文档规格,2195
545,Z模式,contain,Z模式应用实例,2196
546,谓词逻辑语言,contain,个体变量,2197
546,谓词逻辑语言,contain,谓词,2198
546,谓词逻辑语言,contain,量词,2199
546,谓词逻辑语言,contain,用集合的思想理解量词,2200
546,谓词逻辑语言,contain,逻辑与集合论的关系,2201
547,关系与函数,contain,笛卡尔积,2202
547,关系与函数,contain,关系概念及其性质,2203
547,关系与函数,contain,等价关系与偏序关系,2204
547,关系与函数,contain,关系演算,2205
547,关系与函数,contain,传递闭包，自反传递闭包,2206
547,关系与函数,contain,逆关系,2207
547,关系与函数,contain,函数与关系,2208
547,关系与函数,contain,定义域与值域,2209
547,关系与函数,contain,部分函数与全函数,2210
547,关系与函数,contain,函数的其他种类，如单射、满射、双射,2211
547,关系与函数,contain,常函数，函数覆写,2212
548,序列,contain,序列与函数,2213
548,序列,contain,序列构造器,2214
548,序列,contain,序列的演算，包括如头、尾、前部、后部、连结、过滤、逆序等,2215
548,序列,contain,序列的应用实例,2216
549,形式描述实践,contain,以Z模式为基础的系统描述,2217
549,形式描述实践,contain,序列的使用,2218
549,形式描述实践,contain,谓词量词,2219
549,形式描述实践,contain,命题逻辑语言,2220
549,形式描述实践,contain,关系与函数,2221
549,形式描述实践,contain,联系实际情况的需求分析,2222
550,其他形式描述方法,contain,基于状态的形式描述方法,2223
550,其他形式描述方法,contain,基于事件的形式描述方法,2224
550,其他形式描述方法,contain,其他形式描述方法简介,2225
550,其他形式描述方法,contain,各方法的优劣比较,2226
551,数理逻辑系统,contain,逻辑归结关系,2227
551,数理逻辑系统,contain,健全性和完全性,2228
551,数理逻辑系统,contain,数理逻辑的形式系统和形式理论,2229
551,数理逻辑系统,contain,命题逻辑的模型论和证明论,2230
551,数理逻辑系统,contain,时态逻辑系统,2231
552,形式验证方法和工具,contain,定理证明,2232
552,形式验证方法和工具,contain,自动定理证明器,2233
552,形式验证方法和工具,contain,模型检查,2234
552,形式验证方法和工具,contain,自动模型检查器,2235
553,软件测试技术绪论,contain,为什么要测试软件,2237
553,软件测试技术绪论,contain,什么是软件测试,2238
553,软件测试技术绪论,contain,为什么要学软件测试,2239
553,软件测试技术绪论,contain,从软件测试这门课能学到什么,2240
553,软件测试技术绪论,contain,如何学习软件测试,2241
554,软件测试基础,contain,了解软件Faults，Errors以及Failure的概念和区别；,2242
554,软件测试基础,contain,掌握RIP模型，熟悉掌握RIP的基本内容；,2243
554,软件测试基础,contain,了解错误的基本类型,2244
554,软件测试基础,contain,了解测试活动的各个阶段,2245
554,软件测试基础,contain,了解Model-based测试,2246
555,Junit,contain,Junit使用的步骤和原因,2247
555,Junit,contain,断言系列方法,2248
555,Junit,contain,Junit中的Annotations,2249
555,Junit,contain,了解Hamcrest的使用,2250
555,Junit,contain,测试覆盖的概念、测试的需求,2251
556,测试覆盖和白盒测试,contain,软件中的图，以及图中的相关概念,2252
556,测试覆盖和白盒测试,contain,如何将软件代码生成图,2253
556,测试覆盖和白盒测试,contain,生成主路径的算法,2254
556,测试覆盖和白盒测试,contain,条件覆盖、判定覆盖和改进的条件/判定覆盖,2255
557,黑盒测试,contain,黑盒测试的基本概念、基本方法以及各自方法的优缺点,2256
557,黑盒测试,contain,黑盒测试的等价类方法、边界值分析、因果图、判定表等基本方法,2257
557,黑盒测试,contain,黑盒测试的优化方法Pairwise，正交实验设计等,2258
558,自动化测试和Selenium,contain,自动化测试的基本流程和基本方法以及不同类型的自动化测试方案,2259
558,自动化测试和Selenium,contain,Selenium的功能、使用及基于Selenium2开发自动化测试用例的方法,2260
559,压力测试和Jmeter,contain,压力测试的基本流程和基本方法,2261
559,压力测试和Jmeter,contain,Jmter的功能、使用及基于Jmeter进行Web系统压力测试的方法,2262
560,集成测试和验收测试,contain,集成测试基本方法,2263
560,集成测试和验收测试,contain,Easymock的功能、使用及基于Easymock进行接口测试,2264
560,集成测试和验收测试,contain,验收测试的流程和相关标准,2265
561,测试管理和测试研究新热点,contain,基于Bugzilla进行测试管理的基本流程和基本方法,2266
561,测试管理和测试研究新热点,contain,测试研究领域的新热点,2267
562,计算机图形技术绪论,contain,图形技术的基本概念,2268
563,图形变换与变换管线,contain,齐次坐标,2269
563,图形变换与变换管线,contain,齐次变换,2270
563,图形变换与变换管线,contain,投影变换,2271
564,几何建模,contain,多边形网络模型,2272
564,几何建模,contain,层次化建模,2273
564,几何建模,contain,网格模型简化,2274
565,光照模型与纹理贴图,contain,渲染方程,2275
565,光照模型与纹理贴图,contain,漫反射,2276
565,光照模型与纹理贴图,contain,镜面反射,2277
565,光照模型与纹理贴图,contain,纹理映射,2278
565,光照模型与纹理贴图,contain,反走样,2279
566,参数曲线和曲面,contain,多项式方程,2280
566,参数曲线和曲面,contain,样条曲线,2281
566,参数曲线和曲面,contain,Bezier曲线,2282
566,参数曲线和曲面,contain,曲线的阶数,2283
566,参数曲线和曲面,contain,Bezier样条曲线,2284
566,参数曲线和曲面,contain,参数曲面,2285
567,遮挡与阴影,contain,遮挡,2286
567,遮挡与阴影,contain,画家算法,2287
567,遮挡与阴影,contain,深度检测,2288
567,遮挡与阴影,contain,硬阴影,2289
567,遮挡与阴影,contain,软阴影,2290
567,遮挡与阴影,contain,阴影贴图,2291
567,遮挡与阴影,contain,阴影体,2292
568,光线跟踪,contain,光线跟踪,2293
568,光线跟踪,contain,透射,2294
568,光线跟踪,contain,相机模型,2295
568,光线跟踪,contain,直线球面相交检测,2296
568,光线跟踪,contain,直线三角形相交检测,2297
568,光线跟踪,contain,空间划分,2298
568,光线跟踪,contain,随机采样,2299
569,图形编程,contain,图形API,2300
569,图形编程,contain,GLSL着色器编程,2301
570,introduction,contain,Introduction&Outline,2302
571,Project Evaluation,contain,Project Evaluation,2303
572,Planning,contain,Planning,2304
573,Selection of an Appropriate,contain,Selection of an Appropriate,2305
574,Project Approach,contain,Project Approach,2306
575,Requirement Management,contain,Requirement Management,2307
576,Effort Estimation,contain,Effort Estimation,2308
577,Assigning Resources,contain,Assigning Resources,2309
578,Project Tracking and Control,contain,Project Tracking and Control,2310
579,Software Configuration Management,contain,Software Configuration Management,2311
580,Software development Management,contain,Software development Management,2312
581,"Person, Team and Communications",contain,"Person, Team and Communications",2313
582,软件体系架构的发展历程,contain,大型业务系统的基本概念和发展历程,2314
582,软件体系架构的发展历程,contain,体系架构的产生和演化的原因,2315
582,软件体系架构的发展历程,contain,系统改进的方法,2316
582,软件体系架构的发展历程,contain,微服务架构,2317
582,软件体系架构的发展历程,contain,系统架构的改进步骤,2318
583,微服务架构,contain,什么是微服务,2319
583,微服务架构,contain,微服务架构特点,2320
583,微服务架构,contain,SOA与微服务,2321
583,微服务架构,contain,应用拆分粒度,2322
583,微服务架构,contain,微服务的集成,2323
583,微服务架构,contain,微服务对交付模式,2324
583,微服务架构,contain,实现微服务面临的挑战,2325
583,微服务架构,contain,建微服务平台,2326
583,微服务架构,contain,业务拆分,2327
583,微服务架构,contain,完善技术组件，,2328
583,微服务架构,contain,提升稳定性业务拆分,2329
583,微服务架构,contain,容器化封装,2330
584,分布式服务框架,contain,分布式服务框架的一般原理,2331
584,分布式服务框架,contain,分布式服务调用框架的实现,2332
584,分布式服务框架,contain,容量评估与性能保障,2333
584,分布式服务框架,contain,一致性问题解决之道,2334
584,分布式服务框架,contain,分布式服务调用框架的实现、容量评估、一致性问题。,2335
585,服务调用链日志跟踪,contain,服务调用链实现的总体架构,2336
585,服务调用链日志跟踪,contain,日志数据采集,2337
585,服务调用链日志跟踪,contain,日志数据分析处理,2338
585,服务调用链日志跟踪,contain,服务调用链信息展示,2339
585,服务调用链日志跟踪,contain,日志跟踪的总体监控,2340
585,服务调用链日志跟踪,contain,监控预警,2341
585,服务调用链日志跟踪,contain,安全审计,2342
585,服务调用链日志跟踪,contain,故障定位及链路分析,2343
586,分布式数据访问平台,contain,传统数据库架构面临的挑战；,2344
586,分布式数据访问平台,contain,SQL、NoSQL和NewSQL,2345
586,分布式数据访问平台,contain,数据架构发展方向,2346
586,分布式数据访问平台,contain,数据库的技术特性,2347
586,分布式数据访问平台,contain,数据库应用特性,2348
586,分布式数据访问平台,contain,应用特性与技术特性的对应关系,2349
586,分布式数据访问平台,contain,数据库选择建议,2350
586,分布式数据访问平台,contain,分布式应用数据总线,2351
586,分布式数据访问平台,contain,分库分表功能实现,2352
586,分布式数据访问平台,contain,读写分离功能实现,2353
586,分布式数据访问平台,contain,结果集合并功能实现,2354
586,分布式数据访问平台,contain,数据库节点路由功能实现,2355
586,分布式数据访问平台,contain,异地多活架构设计,2356
586,分布式数据访问平台,contain,数据同步平台架构设计,2357
587,消息平台,contain,ActiveMQ、RocketMQ、Kafka、RabbitMQ,2358
587,消息平台,contain,消息平台总体架构设计,2359
587,消息平台,contain,配置管理,2360
587,消息平台,contain,监控管理,2361
587,消息平台,contain,运维管理,2362
587,消息平台,contain,系统管理,2363
587,消息平台,contain,客户端功能介绍,2364
587,消息平台,contain,客户端关键流程,2365
588,分布式缓存平台,contain,缓存中间件产品特性对比,2366
588,分布式缓存平台,contain,热点缓存,2367
588,分布式缓存平台,contain,多级缓存,2368
588,分布式缓存平台,contain,总体架构,2369
588,分布式缓存平台,contain,缓存管理控制平台Web,2370
588,分布式缓存平台,contain,缓存管理平台App,2371
588,分布式缓存平台,contain,缓存客户端SDK,2372
588,分布式缓存平台,contain,缓存策略,2373
589,企业及微服务架构,contain,基于容器的应用托管和任务调度平台,2374
589,企业及微服务架构,contain,服务治理,2375
589,企业及微服务架构,contain,软件生产流水线,2376
590,下一代基础架构平台,contain,多租户的模型及体系结构,2377
590,下一代基础架构平台,contain,能力开放平台,2378
590,下一代基础架构平台,contain,智能运维,2379
591,数据仓库与数据挖掘引论,contain,数据挖掘提出的动机,2380
591,数据仓库与数据挖掘引论,contain,数据挖掘的基本概念,2381
591,数据仓库与数据挖掘引论,contain,数据挖掘的分类,2382
591,数据仓库与数据挖掘引论,contain,数据挖掘的主要算法,2383
591,数据仓库与数据挖掘引论,contain,数据挖掘主要能解决的问题,2384
591,数据仓库与数据挖掘引论,contain,数据挖掘相关的会议及期刊列表,2385
592,认识数据,contain,数据对象与属性、二元属性、标称属性、序数属性、数值属性,2386
592,认识数据,contain,均值、方差、中位数、众数、极差、四分位数、方差、标准差、四分位数极差,2387
592,认识数据,contain,分位数图、盒图等图形显示,2388
592,认识数据,contain,不同属性的判别及相似性度量,2389
592,认识数据,contain,混合属性的相似性度量,2390
593,数据预处理,contain,数据清理,2391
593,数据预处理,contain,数据的集成,2392
593,数据预处理,contain,数据的归约,2393
593,数据预处理,contain,数据变换,2394
593,数据预处理,contain,数据离散化,2395
594,频繁模式挖掘,contain,Apriori算法,2396
594,频繁模式挖掘,contain,频繁项集,2397
594,频繁模式挖掘,contain,规则,2398
594,频繁模式挖掘,contain,强规则,2399
594,频繁模式挖掘,contain,支持度,2400
594,频繁模式挖掘,contain,置信度,2401
594,频繁模式挖掘,contain,提升度,2402
595,分类,contain,决策树算法-ID3,2403
595,分类,contain,决策树算法-C4.5,2404
595,分类,contain,决策树算法-CART,2405
595,分类,contain,支持向量机算法,2406
595,分类,contain,最近邻算法,2407
596,聚类,contain,类类距离,2408
596,聚类,contain,类间距离,2409
596,聚类,contain,聚类的主要思想,2410
596,聚类,contain,聚类的几种典型类型,2411
596,聚类,contain,k-均值算法,2412
596,聚类,contain,聚类的评价,2413
279,编译原理概论,contain,编译原理程序结构的概念,1799
280,高级语言和文法,contain,程序设计语言的特性和文法概念的对应关系,1642
281,词法分析,contain,文法与自动机的关系,1156
282,自顶向下语法分析方法,contain,自顶向下语法分析器的设计方法,1159
283,自底向上语法分析法,contain,自底向下语法分析器的设计与实现,1159
507,语法制导翻译,contain,在语法分析过程中结合语义分析的过程,1081
284,中间代码生成,contain,中间代码思想的原理与设计,2830
285,符号表,contain,符号表的设计方法与实现方法,1170
286,运行时环境,contain,程序运行时环境的设计原理和方法,1149
597,强化学习简介,contain,人工智能的历史,2414
597,强化学习简介,contain,强化学习分类,2415
598,从OpenAI和TensorFlow,contain,开发环境修正和安装,2416
599,马尔可夫决策过程和动态规划,contain,决策过程的学习,2417
600,基于蒙特卡罗方法的博弈游戏,contain,蒙特卡罗方法决策过程的学习,2418
601,时间差分学习,contain,时间差分决策过程的学习,2419
602,深度学习基础,contain,深度学习建模,2420
602,深度学习基础,contain,LSTM建模,2421
603,生成对抗网络,contain,生成对抗网络建模,2422
603,生成对抗网络,contain,生成对抗网络变形建模,2423
604,计算机视觉概述,contain,计算机视觉的历史,2424
604,计算机视觉概述,contain,计算机视觉应用,2425
605,计算机视觉基础,contain,计算机视觉灰度、彩色图像的矩阵表示,2426
605,计算机视觉基础,contain,计算机视觉使用matlab对矩阵操作,2427
605,计算机视觉基础,contain,常见的两种插值算法。,2428
606,颜色与光照理论,contain,颜色空间的相关概念,2429
606,颜色与光照理论,contain,颜色空间的转换,2430
607,图像恢复,contain,高斯滤波,2431
607,图像恢复,contain,双边滤波,2432
607,图像恢复,contain,盲去卷积,2433
608,图像特征提取及匹配,contain,SIFT特征,2434
608,图像特征提取及匹配,contain,Harris特征,2435
608,图像特征提取及匹配,contain,特征匹配算法,2436
609,光流和运动,contain,HS法估计光流,2437
609,光流和运动,contain,LK法估计光流,2438
609,光流和运动,contain,光流估计准确性度量,2439
610,交互式图像分割,contain,Graph Cut,2440
610,交互式图像分割,contain,Region Merge,2441
610,交互式图像分割,contain,Super pixel,2442
611,场景重建,contain,像平面,2443
611,场景重建,contain,多视几何,2444
612,区块链概述,contain,区块链思想,2445
612,区块链概述,contain,区块链价值,2446
612,区块链概述,contain,区块链技术原理,2447
612,区块链概述,contain,区块链和信息安全、密码技术的关系,2448
612,区块链概述,contain,区块链的发展史,2449
612,区块链概述,contain,区块链未来的发展趋势。,2450
613,区块链中的分布式系统问题,contain,CAP不可能三角,2451
613,区块链中的分布式系统问题,contain,拜占庭共识算法,2452
613,区块链中的分布式系统问题,contain,PoW共识,2453
613,区块链中的分布式系统问题,contain,PoS共识；,2454
614,密码学基础,contain,Hash函数,2455
614,密码学基础,contain,公钥密码体制,2456
614,密码学基础,contain,密码学数字签名,2457
614,密码学基础,contain,MerkleTree,2458
614,密码学基础,contain,密码算法的原理与应用,2459
614,密码学基础,contain,区块链与密码学的关系,2460
614,密码学基础,contain,密码学与信息安全的关系,2461
615,比特币技术原理,contain,比特币基本原理和重要概念,2462
615,比特币技术原理,contain,比特币的交易结构，挖矿方式，共识机制,2463
615,比特币技术原理,contain,比特币的侧链、闪电网络。,2464
616,以太坊与智能合约,contain,以太坊基本原理和重要概念,2465
616,以太坊与智能合约,contain,以太坊的账户结构，共识机制，智能合约概念,2466
616,以太坊与智能合约,contain,以太坊合约语言。,2467
617,区块链技术前沿,contain,常见的区块链技术发展方向，如分片技术、状态通道技术,2468
617,区块链技术前沿,contain,DAG技术、侧链技术、新的共识算法和密码学手段,2469
618,虚拟现实简述,contain,虚拟现实历史与协议,2470
619,虚拟现实系统的输入装置,contain,虚拟现实输入技术,2471
619,虚拟现实系统的输入装置,contain,虚拟现实输入案例探讨,2472
618,虚拟现实系统的输出装置,contain,虚拟现实输出技术,2473
618,虚拟现实系统的输出装置,contain,虚拟现在输出案例探讨,2474
618,虚拟现实系统的输出装置,contain,智能应用,2475
620,虚拟世界与三维模型,contain,三维模型概念,2476
620,虚拟世界与三维模型,contain,计算机视觉的设计原理,2477
621,三维全景技术,contain,三维全景技术说明与应用,2478
621,三维全景技术,contain,全景扫描应用技术,2479
622,Unity3D界面设计,contain,Unity3d安装、界面操作,2480
622,Unity3D界面设计,contain,C#代码撰写,2481
623,AR版Android设计,contain,Unity3d Roll a Ball 案例设计,2482
623,AR版Android设计,contain,Android代码转换,2483
623,AR版Android设计,contain,AR环境设定,2484
624,机器学习引论,contain,机器学习概念,2485
624,机器学习引论,contain,机器学习典型任务,2486
624,机器学习引论,contain,机器学习分类体系及特点,2487
624,机器学习引论,contain,机器学习模型,2488
624,机器学习引论,contain,机器学习推理类型,2489
624,机器学习引论,contain,机器学习典型工具,2490
625,监督学习,contain,监督学习问题的形式化,2491
625,监督学习,contain,主动学习,2492
625,监督学习,contain,模型选择,2493
625,监督学习,contain,学习算法,2494
625,监督学习,contain,贝叶斯网络,2495
625,监督学习,contain,监督学习支持向量机,2496
625,监督学习,contain,监督学习神经网络,2497
626,非监督学习,contain,k-menas,2498
626,非监督学习,contain,划分聚类,2499
626,非监督学习,contain,层次聚类,2500
627,集成学习,contain,BAGGING,2501
627,集成学习,contain,Adaboost,2502
628,特征表示与属性约简,contain,信息熵,2503
628,特征表示与属性约简,contain,PCA,2504
629,强化学习,contain,动态规划法,2505
629,强化学习,contain,蒙特卡罗法,2506
629,强化学习,contain,时间差分法,2507
322,绪论,contain,自然语言处理的内涵,2508
322,绪论,contain,自然语言处理与其他学科的交叉关联,2509
631,数学基础,contain,概率论相关知识,2510
631,数学基础,contain,信息论相关知识,2511
632,词法与语法,contain,具有语言学特性词法与语法分析的工作原理,2512
633,序列标注,contain,自然语言处理马尔科夫模型,2513
633,序列标注,contain,序列标注模型,2514
634,语言模型,contain,语言模型的本质,2515
634,语言模型,contain,语言模型实际应用,2516
635,文本表示学习,contain,文本表示相关的深度神经网络模型,2517
635,文本表示学习,contain,模式识别算法,2518
636,自然语言处理高级应用,contain,文本生成,2519
636,自然语言处理高级应用,contain,对话系统,2520
637,认知科学绪论,contain,认知科学和脑科学的研究意义与概念,2521
637,认知科学绪论,contain,认知科学与其他学科的关联,2522
637,认知科学绪论,contain,认知科学研究前景,2523
638,脑科学基础知识,contain,脑的基本构造,2524
638,脑科学基础知识,contain,脑的工作原理,2525
638,脑科学基础知识,contain,脑科学研究技术与分析方法,2526
638,脑科学基础知识,contain,大脑的主要认知功能,2527
639,人工大脑与类脑智能,contain,人工大脑（包括脑机接口）与类脑智能的概念,2528
639,人工大脑与类脑智能,contain,人工大脑与类脑智能的数学模型,2529
639,人工大脑与类脑智能,contain,人工大脑与类脑智能的实现技术,2530
640,认知科学基础,contain,认知科学基本知识的概念和内涵,2531
641,认知计算,contain,认知模型理论,2532
641,认知计算,contain,机器学习概念原理,2533
641,认知计算,contain,视听觉认知计算的概念,2534
641,认知计算,contain,视听觉认知计算的实现方式,2535
642,智能认知系统,contain,智能认知系统的概念,2536
642,智能认知系统,contain,智能认知系统的类型,2537
642,智能认知系统,contain,智能认知系统的设计思路,2538
642,智能认知系统,contain,智能认知系统的发展趋势,2539
643,知识工程导论,contain,知识工程背景基础,2540
643,知识工程导论,contain,知识工程发展现状,2541
643,知识工程导论,contain,知识工程概念,2542
644,知识表示与建模,contain,知识表示的概念,2543
644,知识表示与建模,contain,知识表示模型,2544
644,知识表示与建模,contain,知识表示方法,2545
644,知识表示与建模,contain,知识表示语言的语法语义,2546
645,知识推理,contain,知识推理基本概念,2547
645,知识推理,contain,知识推理方法与工具,2548
643,知识构建,contain,知识构建方法,2549
643,知识构建,contain,知识构建工具的使用,2550
646,知识存储,contain,图数据模型,2551
646,知识存储,contain,图查询语言,2552
646,知识存储,contain,面向RDF的三元组数据库,2553
646,知识存储,contain,知识存储技术,2554
647,知识管理,contain,知识管理基本概念,2555
647,知识管理,contain,知识管理方法,2556
647,知识管理,contain,知识管理系统工具,2557
648,知识发现,contain,知识发现基本概念,2558
648,知识发现,contain,知识发现方法,2559
648,知识发现,contain,知识发现工具,2560
649,情感计算概述,contain,情感计算的概念,2561
650,情感模型介绍,contain,评价理论,2562
650,情感模型介绍,contain,影响力理论,2563
650,情感模型介绍,contain,情感量化模型,2564
651,情感感知与识别及其应用,contain,面部表情识别和语音情感识别中特征提取,2565
651,情感感知与识别及其应用,contain,多模态特征选择,2566
651,情感感知与识别及其应用,contain,多模态分类算法,2567
651,情感感知与识别及其应用,contain,多模态评估指标、,2568
651,情感感知与识别及其应用,contain,多模态情感识别中特征融合、决策融合等算法,2569
652,情感生成与合成及其在人机交互领域的应用,contain,表情合成,2570
652,情感生成与合成及其在人机交互领域的应用,contain,语音情感合成,2571
652,情感生成与合成及其在人机交互领域的应用,contain,音乐情感合成,2572
653,基于脑认知的情感生成与感知研究,contain,脑认知研究对计算机科学的影响,2573
653,基于脑认知的情感生成与感知研究,contain,脑功能连接和信息流向分析方法,2574
654,情感计算研究热点介绍,contain,情感计算研究难点,2575
654,情感计算研究热点介绍,contain,情感计算应用趋势,2576
655,信号与系统的概念,contain,信号与系统基本概念和性质,2577
656,连续系统的时域分析,contain,LTI系统性质及其特点,2578
656,连续系统的时域分析,contain,卷积积分,2579
657,连续时间信号与系统的频域分析（傅里叶变换）,contain,从周期信号到非周期信号频谱的变化,2580
658,离散时间信号与系统的频域分析,contain,采样定理,2581
658,离散时间信号与系统的频域分析,contain,离散傅里叶变换,2582
659,连续时间信号与系统的复频域分析（拉普拉斯变换）,contain,拉普拉斯变换,2583
659,连续时间信号与系统的复频域分析（拉普拉斯变换）,contain,拉普拉斯逆变换,2584
659,连续时间信号与系统的复频域分析（拉普拉斯变换）,contain,系统函数与响应,2585
660,媒体数据表示,contain,词袋模型,2586
660,媒体数据表示,contain,空间金字塔,2587
660,媒体数据表示,contain,媒体特征表示,2588
661,基于内容的媒体检索,contain,相关反馈,2589
661,基于内容的媒体检索,contain,相似度,2590
661,基于内容的媒体检索,contain,索引,2591
661,基于内容的媒体检索,contain,排序,2592
661,基于内容的媒体检索,contain,重排序,2593
662,媒体语义理解,contain,本体,2594
662,媒体语义理解,contain,上下文,2595
662,媒体语义理解,contain,隐含语义分析,2596
663,视频分析与处理,contain,视频结构,2597
663,视频分析与处理,contain,视频空间表示,2598
663,视频分析与处理,contain,视频时序关联,2599
664,知识表示与推理绪论,contain,知识表示概念,2600
664,知识表示与推理绪论,contain,知识推理概念,2601
664,知识表示与推理绪论,contain,基于知识的系统概念,2602
664,知识表示与推理绪论,contain,符号注意学派概念,2603
665,逻辑基础,contain,命题逻辑的基本概念,2604
665,逻辑基础,contain,谓词逻辑的基本概念,2605
665,逻辑基础,contain,一阶逻辑证明问题,2606
666,可满足性求解,contain,SAT问题与知识表示的关系,2607
666,可满足性求解,contain,SAT求解的基本算法,2608
667,描述逻辑,contain,描述逻辑的语法和语义,2609
668,逻辑程序,contain,各种逻辑程序的语法和语义,2610
668,逻辑程序,contain,常见逻辑程序推理工具。,2611
669,其他知识表示方法,contain,产生式规则、框架、动作理论表示知识的基本原理,2612
604,计算机视觉概述,contain,计算机视觉中的典型任务,2613
604,计算机视觉概述,contain,计算机视觉与相关学科的关系,2614
671,图像统计模型与视觉特征,contain,高斯模型,2615
671,图像统计模型与视觉特征,contain,金字塔模型,2616
671,图像统计模型与视觉特征,contain,视觉词袋模型,2617
672,计算机视觉中的统计学习与推断,contain,判别模型,2618
672,计算机视觉中的统计学习与推断,contain,生成模型,2619
672,计算机视觉中的统计学习与推断,contain,高斯线性回归,2620
673,图像分类,contain,线性分类器,2621
673,图像分类,contain,基于梯度的优化方法,2622
673,图像分类,contain,提升算法,2623
674,时序模型及在视觉任务中的应用,contain,时序模型,2624
674,时序模型及在视觉任务中的应用,contain,各种滤波方法,2625
675,信息检索概述,contain,信息检索与智能问答的困难之处,2626
675,信息检索概述,contain,“信息检索与智能问答”与其他学科的交叉关联,2627
676,检索模型,contain,信息检索模型的概念和理论,2628
676,检索模型,contain,信息检索模型”的基本原理,2629
677,检索评价,contain,检索评价的背景和理论,2630
677,检索评价,contain,“检索评价”的基本原理,2631
678,索引与检索,contain,索引与检索的基本原理,2632
678,索引与检索,contain,索引建立与压缩,2633
679,查询操作,contain,信息检索系统的查询过程,2634
679,查询操作,contain,查询优化的方法,2635
680,Web检索与智能问答,contain,信息爬取、网页预处理过程,2636
680,Web检索与智能问答,contain,链接分析方法,2637
681,数理逻辑,contain,经典逻辑系统的语法定义,2638
681,数理逻辑,contain,经典逻辑系统的自然推理系统,2639
681,数理逻辑,contain,证明构造性定义,2640
681,数理逻辑,contain,构造性逻辑的蕴含,2641
681,数理逻辑,contain,构造性逻辑的形式推演,2642
682,计算理论,contain,图灵机的数学模型,2643
682,计算理论,contain,邱奇图灵论题,2644
682,计算理论,contain,通用图灵机和不可判定问题,2645
682,计算理论,contain,莱斯定理,2646
682,计算理论,contain,可归约性,2647
682,计算理论,contain,时间复杂度和空间复杂度,2648
683,矩阵分析,contain,矩阵基本概念,2649
683,矩阵分析,contain,特征值估计理论与方法,2650
683,矩阵分析,contain,矩阵的Jordan标准型,2651
683,矩阵分析,contain,矩阵的三角分解,2652
683,矩阵分析,contain,向量范数和矩阵范数,2653
683,矩阵分析,contain,凸集和凸函数,2654
684,最优化方法,contain,费马定理、拉格朗日乘数法、KKT条件,2655
684,最优化方法,contain,梯度下降法,2656
684,最优化方法,contain,牛顿法,2657
684,最优化方法,contain,共轭梯度法,2658
684,最优化方法,contain,分治法,2659
685,逻辑与形式化方法绪论,contain,软件生命周期,2660
685,逻辑与形式化方法绪论,contain,形式方法,2661
685,逻辑与形式化方法绪论,contain,形式规格说明语言Z的概念,2662
686,一阶逻辑与集合论,contain,命题逻辑基本概念,2663
686,一阶逻辑与集合论,contain,谓词逻辑基本概念,2664
686,一阶逻辑与集合论,contain,一阶逻辑证明,2665
687,关系和函数,contain,关系的基本概念,2666
687,关系和函数,contain,关系的运算,2667
687,关系和函数,contain,关系与函数之间的关系,2668
688,Z的类型和构造单元,contain,Z的类型系统基本概念,2669
688,Z的类型和构造单元,contain,扩充表示法,2670
688,Z的类型和构造单元,contain,Z规格说明的构造单元,2671
689,模式和规格说明,contain,模式的描述功能、修饰、包含、模式类型基本概念,2672
689,模式和规格说明,contain,模式运算和规格说明文档的结果,2673
690,序列和包,contain,序列和包的概念,2674
691,规格说明的实例,contain,规格说明在实际应用,2675
692,规格说明的形式推理,contain,Z语言中严密证明和形式证明的基本思想,2676
692,规格说明的形式推理,contain,规格说明的形式证明的主要技巧,2677
692,规格说明的形式推理,contain,推理实例。,2678
693,模型检测,contain,模型检测的基本思想,2679
693,模型检测,contain,线性时序逻辑,2680
693,模型检测,contain,模型检测的应用,2681
694,安全软件工程概述,contain,安全软件工程生命周期,2682
694,安全软件工程概述,contain,安全软件工程框架,2683
694,安全软件工程概述,contain,安全软件工程开发过程,2684
695,安全需求,contain,软件安全需求获取技术,2685
695,安全需求,contain,安全需求表示,2686
695,安全需求,contain,安全需求建模,2687
696,安全设计,contain,缺陷,2688
696,安全设计,contain,威胁建模,2689
696,安全设计,contain,缺陷库,2690
697,安全编码,contain,缓冲区,2691
697,安全编码,contain,访问控制,2692
697,安全编码,contain,权限,2693
697,安全编码,contain,密码,2694
697,安全编码,contain,数据加密,2695
698,安全测试,contain,安全测试,2696
698,安全测试,contain,模型检测,2697
698,安全测试,contain,模糊测试,2698
698,安全测试,contain,用例测试,2699
699,数论基础,contain,整数唯一分解定理,2700
699,数论基础,contain,二次互反定理,2701
700,代数基础,contain,代数系统中的主要概念和定理,2702
700,代数基础,contain,运用简单的有限域解决信息安全问题,2703
700,代数基础,contain,群与环,2704
701,组合数学,contain,排列和组合,2705
701,组合数学,contain,容斥原理与鸽笼原理,2706
701,组合数学,contain,递推关系,2707
701,组合数学,contain,区组设计,2708
702,信息论基础,contain,信息的度量,2709
702,信息论基础,contain,熵,2710
702,信息论基础,contain,互信息,2711
703,计算复杂理论基础,contain,确定图灵机,2712
703,计算复杂理论基础,contain,非确定图灵机,2713
703,计算复杂理论基础,contain,随机存取机器模型的定义,2714
703,计算复杂理论基础,contain,典型的NP完全问题,2715
704,网络协议概述,contain,网络协议分层体系结构模型,2716
705,物理层协议,contain,IEIA-232协议,2717
705,物理层协议,contain,CCITT v24协议,2718
705,物理层协议,contain,X.21协议,2719
706,数据链路层协议,contain,差错控制,2720
706,数据链路层协议,contain,停等协议,2721
706,数据链路层协议,contain,滑动窗口协议,2722
706,数据链路层协议,contain,IEEE802协议族,2723
706,数据链路层协议,contain,HDLC协议,2724
706,数据链路层协议,contain,PPP（及PPPoE）协议,2725
707,网络层协议,contain,IP地址与协议,2726
707,网络层协议,contain,地址解析协议ARP,2727
707,网络层协议,contain,控制报文协议ICMP,2728
707,网络层协议,contain,组管理协议IGMP,2729
707,网络层协议,contain,内部网关协议RIP与OSPF,2730
707,网络层协议,contain,外部网关协议BGP，X.25协议,2731
708,传输层协议,contain,UDP报文格式,2732
708,传输层协议,contain,UDP协议传输基本原理,2733
708,传输层协议,contain,TCP报文格式,2734
708,传输层协议,contain,TCP连接管理,2735
708,传输层协议,contain,TCP流量控制,2736
708,传输层协议,contain,TCP拥塞控制,2737
709,应用层协议,contain,DNS协议,2738
709,应用层协议,contain,FTP协议与TFTP协议,2739
709,应用层协议,contain,SMTP协议,2740
709,应用层协议,contain,TELNET协议,2741
709,应用层协议,contain,HTTP协议,2742
709,应用层协议,contain,BOOTP协议,2743
709,应用层协议,contain,DHCP协议,2744
710,信息系统安全概论,contain,信息系统安全的基本需求,2745
710,信息系统安全概论,contain,信息系统安全模型,2746
711,信息系统物理与设备安全,contain,信息系统安全的可靠性技术,2747
712,操作系统安全,contain,身份认证的原理和应用,2748
712,操作系统安全,contain,访问控制的原理和应用,2749
713,密码技术,contain,公钥密码的主要理论,2750
713,密码技术,contain,公钥密码体系的内涵,2751
713,密码技术,contain,公钥密码体系的特征,2752
713,密码技术,contain,数字签名技术,2753
714,信息系统安全威胁,contain,木马攻击,2754
714,信息系统安全威胁,contain,木马检测,2755
714,信息系统安全威胁,contain,木马清除,2756
715,信息系统安全防御,contain,防火墙安全,2757
715,信息系统安全防御,contain,入侵信息检测,2758
715,信息系统安全防御,contain,蜜罐技术,2759
715,信息系统安全防御,contain,信息安全取证,2760
716,信息内容安全技术,contain,网络信息内容捕获,2761
716,信息内容安全技术,contain,信息内容分析与识别,2762
716,信息内容安全技术,contain,信息内容管控,2763
717,信息对抗,contain,信息对抗方法,2764
718,信息系统安全管理,contain,数据备份,2765
718,信息系统安全管理,contain,数据容错,2766
718,信息系统安全管理,contain,数据容灾,2767
719,信息安全犯罪立法与应用,contain,信息安全犯罪相关立法,2768
719,信息安全犯罪立法与应用,contain,信息系统安全等级保护基础,2769
719,信息安全犯罪立法与应用,contain,日常生活账号密码安全常识,2770
720,现代密码学概论,contain,密码学基本概念,2771
720,现代密码学概论,contain,密码学技术,2772
721,数据加密标准(DES),contain,DES加密算法的原理,2773
721,数据加密标准(DES),contain,DES加密算法的安全缺陷,2774
721,数据加密标准(DES),contain,DES加密算法的安全应用,2775
722,高级加密标准(AES),contain,AES加密算法的原理,2776
722,高级加密标准(AES),contain,AES加密算法的安全缺陷,2777
722,高级加密标准(AES),contain,AES加密算法的安全应用,2778
723,密码hash函数,contain,密码Hash函数的基本性质,2779
723,密码hash函数,contain,密码Hash函数的定义,2780
723,密码hash函数,contain,MDC和MAC的典型构造技术,2781
724,RSA和Rabin算法,contain,大整数分解的RSA加密算法的原理,2782
724,RSA和Rabin算法,contain,大整数分解的RSA加密算法的安全缺陷,2783
724,RSA和Rabin算法,contain,Rabin加密算法的原理,2784
724,RSA和Rabin算法,contain,Rabin加密算法的安全缺陷,2785
725,离散对数,contain,离散对数问题,2786
725,离散对数,contain,离散对数的ElGamal加密算法的原理,2787
725,离散对数,contain,离散对数的ElGamal加密算法的安全缺陷,2788
726,数字签名,contain,基于大整数分解的原理,2789
726,数字签名,contain,基于大整数分解的安全缺陷,2790
726,数字签名,contain,基于离散对数问题的签名算法的原理,2791
726,数字签名,contain,基于离散对数问题的签名算法的安全缺陷。,2792
727,椭圆曲线,contain,椭圆曲线算术的基本原理,2793
727,椭圆曲线,contain,椭圆算术在密码中的典型应用,2794
728,密码执行,contain,素数测试,2795
728,密码执行,contain,模幂,2796
729,电子商务与电子现金,contain,密码算法在高级商务安全协议中的应用,2797
730,秘密分享与游戏,contain,秘密分享技术,2798
730,秘密分享与游戏,contain,密码算法在游戏中的应用,2799
731,零知识证明技术,contain,零知识证明概念,2800
731,零知识证明技术,contain,基于大整数分解的零知识认证技术,2801
731,零知识证明技术,contain,离散对数的零知识认证技术,2802
732,密钥建立技术,contain,密钥建立方法,2803
732,密钥建立技术,contain,密钥建立应用系统,2804
732,密钥建立技术,contain,公钥基础设施(PKI)的设计原理,2805
733,软件安全绪论,contain,典型软件安全问题,2806
734,软件安全基础知识,contain,反汇编,2807
734,软件安全基础知识,contain,动态调试,2808
734,软件安全基础知识,contain,虚拟化分析,2809
735,软件安全常用工具,contain,静态动态分析工具的使用,2810
736,程序切片,contain,静态程序切片,2811
736,程序切片,contain,动态程序切片,2812
737,污点传播分析,contain,符号执行方法,2813
738,模糊测试,contain,模糊测试基础方法,2814
739,符号执行,contain,符号执行所能解决的问题,2815
740,网络协议逆向分析,contain,协议字段划分,2816
740,网络协议逆向分析,contain,字段关系,2817
740,网络协议逆向分析,contain,字段语义恢复,2818
741,软件漏洞挖掘与分析,contain,软件漏洞分析与利用,2819
742,软件漏洞利用技术,contain,控制流劫持漏洞攻击所需要素,2820
743,软件逆向工程概述,contain,逆向工程的概念和基本方法,2821
743,软件逆向工程概述,contain,软件逆向工程的应用,2822
743,软件逆向工程概述,contain,软件逆向工程的合法性,2823
744,x86与x64体系结构,contain,x86基本概念,2824
744,x86与x64体系结构,contain,x86权限级别,2825
744,x86与x64体系结构,contain,IA-32内存模型与内存管理,2826
744,x86与x64体系结构,contain,不同操作模式下的内存管理,2827
744,x86与x64体系结构,contain,IA-32数据类型,2828
744,x86与x64体系结构,contain,IA-32函数调用,2829
744,x86与x64体系结构,contain,中断与异常,2830
744,x86与x64体系结构,contain,指令一般格式,2831
744,x86与x64体系结构,contain,指令分类及常用指令功能,2832
744,x86与x64体系结构,contain,x64体系结构,2833
745,PE文件格式,contain,PE文件格式,2834
745,PE文件格式,contain,基地址与相对虚拟地址,2835
745,PE文件格式,contain,导入地址表与导出地址表,2836
745,PE文件格式,contain,基址重定位技术,2837
745,PE文件格式,contain,运行时压缩,2838
745,PE文件格式,contain,PE工具,2839
746,DLL注入,contain,Windows系统编程基础,2840
746,DLL注入,contain,Unicode和字符编码,2841
746,DLL注入,contain,常用Windows核心API简介,2842
746,DLL注入,contain,DLL注入的基本方法,2843
746,DLL注入,contain,远程线程创建,2844
746,DLL注入,contain,DLL卸载,2845
746,DLL注入,contain,API钩取,2846
747,代码混淆技术,contain,理论上的安全性,2847
747,代码混淆技术,contain,常见的数据混淆,2848
747,代码混淆技术,contain,控制流混淆技术,2849
747,代码混淆技术,contain,组合使用函数内联与外联,2850
747,代码混淆技术,contain,通过跳转破坏局部性,2851
747,代码混淆技术,contain,不透明谓词,2852
747,代码混淆技术,contain,基于处理器的控制流间接化,2853
747,代码混淆技术,contain,插入无效代码,2854
748,物联网安全体系结构,contain,物联网面临的各种威胁,2855
748,物联网安全体系结构,contain,物联网的安全需求,2856
748,物联网安全体系结构,contain,物联网的层次模型,2857
749,物联网中的加、解密机制,contain,对称密码体制,2858
749,物联网中的加、解密机制,contain,非对称密码体制,2859
749,物联网中的加、解密机制,contain,数字签名,2860
749,物联网中的加、解密机制,contain,身份认证,2861
750,感知层安全,contain,RFID安全,2862
750,感知层安全,contain,无线传感器安全,2863
750,感知层安全,contain,感知层的隐私保护,2864
366,物联网网络层安全,contain,接入层安全技术,2865
366,物联网网络层安全,contain,数据传输安全技术,2866
366,物联网网络层安全,contain,移动互联网安全,2867
366,物联网网络层安全,contain,Wi-Fi安全,2868
366,物联网网络层安全,contain,IP4/IP6安全技术,2869
751,物联网应用层安全,contain,物联网中的位置保护及个人信息等隐私保护技术,2870
751,物联网应用层安全,contain,物联网的业务控制及安全管理,2871
751,物联网应用层安全,contain,物联网安全中间件技术,2872
